bank_id,bank_name,bank_logo,bank_licence,product_name,product_url,rate_min,rate_max,amount_from,amount_to,period_from,period_to,currency,efficient_rate,is_special_offer,is_online_opening_possible,is_partial_withdrawal_possible,is_replenishment_possible,action_title,action_percent,action_link,capitalization,early_termination_method,rates_min,rates_max
190178,Свой Банк,https://cdn.banki.ru/cdn/bank/190178_modern_logo_url.svg,3223,Свой вклад с Банки.ру,https://www.banki.ru/products/deposits/deposit/25294/,14.03,14.03,30000,30000000.0,91,91.0,RUB,14.19,True,True,False,False,Бонус от суммы вклада за оформление онлайн на Банки.ру,1.5,https://www.banki.ru/specials/deposits/bonus_k_stavke_2026/,есть,по ставке до востребования,14.19,14.19
190178,Свой Банк,https://cdn.banki.ru/cdn/bank/190178_modern_logo_url.svg,3223,Свой вклад с Банки.ру,https://www.banki.ru/products/deposits/deposit/25818/,13.95,13.95,30000,30000000.0,121,121.0,RUB,14.19,False,True,False,False,,,,есть,по ставке до востребования,14.19,14.19
190178,Свой Банк,https://cdn.banki.ru/cdn/bank/190178_modern_logo_url.svg,3223,Свой вклад с Банки.ру,https://www.banki.ru/products/deposits/deposit/24800/,13.7,13.7,30000,30000000.0,181,181.0,RUB,14.09,False,True,False,False,,,,есть,по ставке до востребования,14.09,14.09
190178,Свой Банк,https://cdn.banki.ru/cdn/bank/190178_modern_logo_url.svg,3223,Свой вклад с Банки.ру,https://www.banki.ru/products/deposits/deposit/24801/,9.57,9.57,30000,30000000.0,367,367.0,RUB,10.0,False,True,False,False,,,,есть,по ставке до востребования,10.0,10.0
9183,Локо-Банк,https://cdn.banki.ru/cdn/bank/9183_modern_logo_url.png,2707,Локо-Вклад. Банки.ру,https://www.banki.ru/products/deposits/deposit/24585/,14.0,14.0,300000,30000000.0,182,182.0,RUB,14.0,False,True,False,False,,,,нет,по ставке до востребования,14.0,14.0
9183,Локо-Банк,https://cdn.banki.ru/cdn/bank/9183_modern_logo_url.png,2707,Локо-Вклад. Банки.ру,https://www.banki.ru/products/deposits/deposit/25856/,13.8,13.8,300000,30000000.0,95,95.0,RUB,13.8,True,True,False,False,Бонус от суммы вклада за оформление онлайн на Банки.ру,1.5,https://www.banki.ru/specials/deposits/bonus_k_stavke_2026/,нет,по ставке до востребования,13.8,13.8
9183,Локо-Банк,https://cdn.banki.ru/cdn/bank/9183_modern_logo_url.png,2707,Локо-Вклад. Банки.ру,https://www.banki.ru/products/deposits/deposit/25816/,13.8,13.8,300000,30000000.0,122,122.0,RUB,13.8,False,True,False,False,,,,нет,по ставке до востребования,13.8,13.8
9183,Локо-Банк,https://cdn.banki.ru/cdn/bank/9183_modern_logo_url.png,2707,Локо-Вклад. Банки.ру,https://www.banki.ru/products/deposits/deposit/25817/,14.0,14.0,300000,30000000.0,150,150.0,RUB,14.0,False,True,False,False,,,,нет,по ставке до востребования,14.0,14.0
9183,Локо-Банк,https://cdn.banki.ru/cdn/bank/9183_modern_logo_url.png,2707,Локо-Вклад. Банки.ру,https://www.banki.ru/products/deposits/deposit/25029/,11.0,11.0,300000,30000000.0,370,370.0,RUB,11.0,False,True,False,False,,,,нет,по ставке до востребования,11.0,11.0
9183,Локо-Банк,https://cdn.banki.ru/cdn/bank/9183_modern_logo_url.png,2707,Локо-Вклад Плюс. Банки.ру,https://www.banki.ru/products/deposits/deposit/26029/,13.8,13.8,300000,30000000.0,95,95.0,RUB,13.8,False,True,False,False,,,,нет,по ставке до востребования,13.8,13.8
9183,Локо-Банк,https://cdn.banki.ru/cdn/bank/9183_modern_logo_url.png,2707,Локо-Вклад Плюс. Банки.ру,https://www.banki.ru/products/deposits/deposit/26032/,13.8,13.8,300000,30000000.0,182,182.0,RUB,13.8,False,True,False,False,,,,нет,по ставке до востребования,13.8,13.8
9183,Локо-Банк,https://cdn.banki.ru/cdn/bank/9183_modern_logo_url.png,2707,Локо-Вклад Плюс. Банки.ру,https://www.banki.ru/products/deposits/deposit/26030/,13.8,13.8,300000,30000000.0,122,122.0,RUB,13.8,False,True,False,False,,,,нет,по ставке до востребования,13.8,13.8
9183,Локо-Банк,https://cdn.banki.ru/cdn/bank/9183_modern_logo_url.png,2707,Локо-Вклад Плюс. Банки.ру,https://www.banki.ru/products/deposits/deposit/26031/,13.8,13.8,300000,30000000.0,150,150.0,RUB,13.8,False,True,False,False,,,,нет,по ставке до востребования,13.8,13.8
9183,Локо-Банк,https://cdn.banki.ru/cdn/bank/9183_modern_logo_url.png,2707,Локо-Вклад Плюс. Банки.ру,https://www.banki.ru/products/deposits/deposit/26033/,11.0,11.0,300000,30000000.0,370,370.0,RUB,11.0,False,True,False,False,,,,нет,по ставке до востребования,11.0,11.0
191928,БыстроБанк,https://cdn.banki.ru/cdn/bank/191928_modern_logo_url.svg,1745,Выгодный–Банки.ру,https://www.banki.ru/products/deposits/deposit/25510/,14.0,14.0,150000,,181,181.0,RUB,14.0,False,True,False,False,,,,нет,по ставке до востребования,14.0,14.0
191928,БыстроБанк,https://cdn.banki.ru/cdn/bank/191928_modern_logo_url.svg,1745,Выгодный–Банки.ру,https://www.banki.ru/products/deposits/deposit/25928/,13.6,13.6,150000,,366,366.0,RUB,13.6,False,True,False,False,,,,нет,по ставке до востребования,13.6,13.6
192890,Реалист Банк,https://cdn.banki.ru/cdn/bank/192890_modern_logo_url.svg,1067,Выгодный Банки.ру,https://www.banki.ru/products/deposits/deposit/25868/,14.15,14.15,10000,,91,91.0,RUB,14.15,True,True,False,False,Бонус от суммы вклада за оформление онлайн на Банки.ру,1.5,https://www.banki.ru/specials/deposits/bonus_k_stavke_2026/,нет,по ставке до востребования,14.15,14.15
192890,Реалист Банк,https://cdn.banki.ru/cdn/bank/192890_modern_logo_url.svg,1067,Кубышка,https://www.banki.ru/products/deposits/deposit/25487/,15.4,15.4,1000,,30,61.0,RUB,15.4,False,False,True,True,,,,по выбору клиента,на льготных условиях,13.0,15.4
192890,Реалист Банк,https://cdn.banki.ru/cdn/bank/192890_modern_logo_url.svg,1067,Реально выгодный (для новых денег),https://www.banki.ru/products/deposits/deposit/25657/,14.7,14.7,10000,4999999.0,91,91.0,RUB,14.88,False,True,False,False,,,,по выбору клиента,по ставке до востребования,13.25,14.88
192890,Реалист Банк,https://cdn.banki.ru/cdn/bank/192890_modern_logo_url.svg,1067,Реально выгодный,https://www.banki.ru/products/deposits/deposit/25099/,14.65,14.65,10000,4999999.0,91,91.0,RUB,14.83,False,True,False,False,,,,по выбору клиента,по ставке до востребования,13.2,14.83
192890,Реалист Банк,https://cdn.banki.ru/cdn/bank/192890_modern_logo_url.svg,1067,Точный прогноз (для новых денег),https://www.banki.ru/products/deposits/deposit/24844/,6.87,6.87,10000,4999999.0,1095,1095.0,RUB,6.87,False,True,False,False,,,,нет,на льготных условиях,6.87,6.87
192890,Реалист Банк,https://cdn.banki.ru/cdn/bank/192890_modern_logo_url.svg,1067,Точный прогноз онлайн,https://www.banki.ru/products/deposits/deposit/25516/,6.86,6.86,10000,4999999.0,1095,1095.0,RUB,6.86,False,True,False,False,,,,нет,на льготных условиях,6.86,6.86
192890,Реалист Банк,https://cdn.banki.ru/cdn/bank/192890_modern_logo_url.svg,1067,Точный прогноз,https://www.banki.ru/products/deposits/deposit/25656/,6.85,6.85,10000,4999999.0,1095,1095.0,RUB,6.85,False,True,False,False,,,,нет,на льготных условиях,6.85,6.85
37473,СДМ-Банк,https://cdn.banki.ru/cdn/bank/37473_modern_logo_url.svg,1637,Новое знакомство,https://www.banki.ru/products/deposits/deposit/25752/,13.95,13.95,300000,1499999.0,91,91.0,RUB,13.95,False,True,False,False,Бонус от суммы вклада за оформление онлайн на Банки.ру,1.5,https://www.banki.ru/specials/deposits/bonus_k_stavke/,нет,на льготных условиях,13.95,13.95
37473,СДМ-Банк,https://cdn.banki.ru/cdn/bank/37473_modern_logo_url.svg,1637,Новое знакомство,https://www.banki.ru/products/deposits/deposit/25492/,13.3,13.3,300000,1499999.0,181,181.0,RUB,13.3,False,True,False,False,,,,нет,на льготных условиях,13.3,13.3
37473,СДМ-Банк,https://cdn.banki.ru/cdn/bank/37473_modern_logo_url.svg,1637,Новое знакомство,https://www.banki.ru/products/deposits/deposit/25753/,13.95,13.95,1500000,2999999.0,91,91.0,RUB,13.95,False,True,False,False,,,,нет,на льготных условиях,13.95,13.95
37473,СДМ-Банк,https://cdn.banki.ru/cdn/bank/37473_modern_logo_url.svg,1637,Новое знакомство,https://www.banki.ru/products/deposits/deposit/25754/,13.95,13.95,3000000,100000000.0,91,91.0,RUB,13.95,False,True,False,False,,,,нет,на льготных условиях,13.95,13.95
37473,СДМ-Банк,https://cdn.banki.ru/cdn/bank/37473_modern_logo_url.svg,1637,Новое знакомство,https://www.banki.ru/products/deposits/deposit/25491/,13.3,13.3,1500000,2999999.0,181,181.0,RUB,13.3,False,True,False,False,,,,нет,на льготных условиях,13.3,13.3
37473,СДМ-Банк,https://cdn.banki.ru/cdn/bank/37473_modern_logo_url.svg,1637,Новое знакомство,https://www.banki.ru/products/deposits/deposit/25508/,13.3,13.3,3000000,100000000.0,181,181.0,RUB,13.3,False,True,False,False,,,,нет,на льготных условиях,13.3,13.3
37473,СДМ-Банк,https://cdn.banki.ru/cdn/bank/37473_modern_logo_url.svg,1637,Новое знакомство,https://www.banki.ru/products/deposits/deposit/25489/,11.8,11.8,300000,1499999.0,367,367.0,RUB,11.8,False,True,False,False,,,,нет,на льготных условиях,11.8,11.8
193364,КАМКОМБАНК,https://cdn.banki.ru/cdn/bank/193364_modern_logo_url.svg,438,Онлайн,https://www.banki.ru/products/deposits/deposit/25700/,13.8,13.8,100000,10000000.0,91,91.0,RUB,13.8,True,True,False,False,Бонус от суммы вклада за оформление онлайн на Банки.ру,1.5,https://www.banki.ru/specials/deposits/bonus_k_stavke_2026/,нет,по ставке до востребования,13.8,13.8
193364,КАМКОМБАНК,https://cdn.banki.ru/cdn/bank/193364_modern_logo_url.svg,438,Онлайн,https://www.banki.ru/products/deposits/deposit/24460/,13.6,13.6,100000,10000000.0,186,186.0,RUB,13.6,False,True,False,False,,,,нет,по ставке до востребования,13.6,13.6
193364,КАМКОМБАНК,https://cdn.banki.ru/cdn/bank/193364_modern_logo_url.svg,438,Онлайн,https://www.banki.ru/products/deposits/deposit/25701/,13.0,13.0,100000,10000000.0,280,280.0,RUB,13.0,False,True,False,False,,,,нет,по ставке до востребования,13.0,13.0
193364,КАМКОМБАНК,https://cdn.banki.ru/cdn/bank/193364_modern_logo_url.svg,438,Онлайн,https://www.banki.ru/products/deposits/deposit/25702/,12.5,12.5,100000,10000000.0,367,367.0,RUB,12.5,False,True,False,False,,,,нет,по ставке до востребования,12.5,12.5
7292,Московский кредитный банк (МКБ),https://cdn.banki.ru/cdn/bank/7292_modern_logo_url.svg,1978,МКБ. Перспектива,https://www.banki.ru/products/deposits/deposit/25414/,13.7,13.7,10000,3000000.0,95,95.0,RUB,13.7,False,True,False,False,,,,нет,по ставке до востребования,13.7,13.7
7292,Московский кредитный банк (МКБ),https://cdn.banki.ru/cdn/bank/7292_modern_logo_url.svg,1978,МКБ. Перспектива,https://www.banki.ru/products/deposits/deposit/25416/,13.5,13.5,10000,3000000.0,370,370.0,RUB,13.5,False,True,False,False,,,,нет,по ставке до востребования,13.5,13.5
7292,Московский кредитный банк (МКБ),https://cdn.banki.ru/cdn/bank/7292_modern_logo_url.svg,1978,МКБ. Перспектива,https://www.banki.ru/products/deposits/deposit/25415/,13.5,13.5,10000,3000000.0,185,185.0,RUB,13.5,False,True,False,False,,,,нет,по ставке до востребования,13.5,13.5
7292,Московский кредитный банк (МКБ),https://cdn.banki.ru/cdn/bank/7292_modern_logo_url.svg,1978,МКБ. Перспектива,https://www.banki.ru/products/deposits/deposit/25417/,13.0,13.0,10000,3000000.0,540,540.0,RUB,13.0,False,True,False,False,,,,нет,по ставке до востребования,13.0,13.0
7292,Московский кредитный банк (МКБ),https://cdn.banki.ru/cdn/bank/7292_modern_logo_url.svg,1978,МКБ. Перспектива,https://www.banki.ru/products/deposits/deposit/25418/,12.9,12.9,10000,3000000.0,730,730.0,RUB,12.9,False,True,False,False,,,,нет,по ставке до востребования,12.9,12.9
7292,Московский кредитный банк (МКБ),https://cdn.banki.ru/cdn/bank/7292_modern_logo_url.svg,1978,МКБ. Перспектива,https://www.banki.ru/products/deposits/deposit/25419/,12.0,12.0,10000,3000000.0,1100,1100.0,RUB,12.0,False,True,False,False,,,,нет,по ставке до востребования,12.0,12.0
7292,Московский кредитный банк (МКБ),https://cdn.banki.ru/cdn/bank/7292_modern_logo_url.svg,1978,МКБ. Простая выгода,https://www.banki.ru/products/deposits/deposit/26079/,14.6,14.6,10000,5000000.0,125,125.0,RUB,14.6,False,True,False,False,,,,нет,по ставке до востребования,12.5,14.6
7292,Московский кредитный банк (МКБ),https://cdn.banki.ru/cdn/bank/7292_modern_logo_url.svg,1978,МКБ. Пополняемый (в конце срока),https://www.banki.ru/products/deposits/deposit/25801/,13.1,13.1,50000,1000000.0,95,95.0,RUB,13.1,False,True,False,True,,,,нет,по ставке до востребования,10.8,13.1
7292,Московский кредитный банк (МКБ),https://cdn.banki.ru/cdn/bank/7292_modern_logo_url.svg,1978,МКБ. Пополняемый (ежемесячно),https://www.banki.ru/products/deposits/deposit/25802/,12.8,12.8,50000,1000000.0,95,95.0,RUB,12.95,False,True,False,True,,,,по выбору клиента,по ставке до востребования,10.48,12.95
7292,Московский кредитный банк (МКБ),https://cdn.banki.ru/cdn/bank/7292_modern_logo_url.svg,1978,МКБ. Гранд (в конце срока),https://www.banki.ru/products/deposits/deposit/18795/,11.9,11.9,10000,3000000.0,95,95.0,RUB,11.9,False,False,False,False,,,,нет,по ставке до востребования,9.1,11.9
7292,Московский кредитный банк (МКБ),https://cdn.banki.ru/cdn/bank/7292_modern_logo_url.svg,1978,МКБ. Перспектива (ежемесячно),https://www.banki.ru/products/deposits/deposit/23916/,11.6,11.6,10000,3000000.0,95,95.0,RUB,11.6,False,True,False,False,,,,нет,по ставке до востребования,9.0,11.6
7292,Московский кредитный банк (МКБ),https://cdn.banki.ru/cdn/bank/7292_modern_logo_url.svg,1978,МКБ. Гранд (ежемесячно),https://www.banki.ru/products/deposits/deposit/25166/,10.6,10.6,10000,3000000.0,95,95.0,RUB,10.6,False,False,False,False,,,,нет,по ставке до востребования,8.1,10.6
7292,Московский кредитный банк (МКБ),https://cdn.banki.ru/cdn/bank/7292_modern_logo_url.svg,1978,Накопительный счет,https://www.banki.ru/products/deposits/deposit/19081/,3.5,3.5,1,,30,,RUB,3.5,False,True,True,True,,,,по выбору клиента,на льготных условиях,3.5,3.5
17270,Самолет Банк,https:,2846,Самолет Вклад_91,https://www.banki.ru/products/deposits/deposit/25961/,13.75,13.75,100000,10000000.0,91,91.0,RUB,13.75,True,True,False,False,Бонус от суммы вклада за оформление онлайн на Банки.ру,1.5,https://www.banki.ru/specials/deposits/bonus_k_stavke_2026/,нет,по ставке до востребования,13.75,13.75
17270,Самолет Банк,https:,2846,Самолет Вклад_546,https://www.banki.ru/products/deposits/deposit/25964/,13.0,13.0,100000,10000000.0,546,546.0,RUB,13.0,False,True,False,False,,,,нет,по ставке до востребования,13.0,13.0
17270,Самолет Банк,https:,2846,Самолет Вклад_367,https://www.banki.ru/products/deposits/deposit/25963/,13.25,13.25,100000,10000000.0,367,367.0,RUB,13.25,False,True,False,False,,,,нет,по ставке до востребования,13.25,13.25
17270,Самолет Банк,https:,2846,Самолет Вклад_183,https://www.banki.ru/products/deposits/deposit/25962/,13.5,13.5,100000,10000000.0,183,183.0,RUB,13.5,False,True,False,False,,,,нет,по ставке до востребования,13.5,13.5
17270,Самолет Банк,https:,2846,Самолет Вклад_730,https://www.banki.ru/products/deposits/deposit/25965/,12.75,12.75,100000,10000000.0,730,730.0,RUB,12.75,False,True,False,False,,,,нет,по ставке до востребования,12.75,12.75
11518,Банк ТКБ,https://cdn.banki.ru/cdn/bank/11518_modern_logo_url.svg,2210,ТКБ. Потенциальный доход_91,https://www.banki.ru/products/deposits/deposit/24809/,13.4,13.4,100000,3000000.0,91,91.0,RUB,13.4,False,True,False,False,,,,нет,по ставке до востребования,13.4,13.4
11518,Банк ТКБ,https://cdn.banki.ru/cdn/bank/11518_modern_logo_url.svg,2210,ТКБ. Потенциальный доход_181,https://www.banki.ru/products/deposits/deposit/24774/,12.9,12.9,100000,3000000.0,181,181.0,RUB,12.9,False,True,False,False,,,,нет,по ставке до востребования,12.9,12.9
11518,Банк ТКБ,https://cdn.banki.ru/cdn/bank/11518_modern_logo_url.svg,2210,ТКБ. Потенциальный доход_367,https://www.banki.ru/products/deposits/deposit/24810/,12.1,12.1,100000,3000000.0,367,367.0,RUB,12.1,False,True,False,False,,,,нет,по ставке до востребования,12.1,12.1
193292,Норвик Банк,https://cdn.banki.ru/cdn/bank/193292_modern_logo_url.svg,902,Быстрый доход,https://www.banki.ru/products/deposits/deposit/25050/,14.3,14.3,100000,50000000.0,93,93.0,RUB,14.3,False,True,False,False,,,,нет,по ставке до востребования,14.3,14.3
193292,Норвик Банк,https://cdn.banki.ru/cdn/bank/193292_modern_logo_url.svg,902,Быстрый доход ,https://www.banki.ru/products/deposits/deposit/26041/,14.0,14.0,100000,50000000.0,61,61.0,RUB,14.0,False,True,False,False,,,,нет,по ставке до востребования,14.0,14.0
193292,Норвик Банк,https://cdn.banki.ru/cdn/bank/193292_modern_logo_url.svg,902,Быстрый доход,https://www.banki.ru/products/deposits/deposit/25616/,12.0,12.0,100000,50000000.0,182,182.0,RUB,12.0,False,True,False,False,,,,нет,по ставке до востребования,12.0,12.0
619,Банк Жилищного Финансирования,https://cdn.banki.ru/cdn/bank/619_modern_logo_url.svg,3138,Лидер 3,https://www.banki.ru/products/deposits/deposit/25851/,13.0,13.0,30000,,91,91.0,RUB,13.0,True,True,False,False,,,,нет,по ставке до востребования,13.0,13.0
619,Банк Жилищного Финансирования,https://cdn.banki.ru/cdn/bank/619_modern_logo_url.svg,3138,Лидер 6,https://www.banki.ru/products/deposits/deposit/25852/,12.8,12.8,30000,,181,181.0,RUB,12.8,False,True,False,False,,,,нет,по ставке до востребования,12.8,12.8
2764,Газпромбанк,https://cdn.banki.ru/cdn/bank/2764_modern_logo_url.svg,354,Новые деньги,https://www.banki.ru/products/deposits/deposit/24560/,14.2,14.2,15000,10000000.0,120,120.0,RUB,14.2,True,True,False,False,,,,нет,по ставке до востребования,8.3,14.2
2764,Газпромбанк,https://cdn.banki.ru/cdn/bank/2764_modern_logo_url.svg,354,Накопительный счет,https://www.banki.ru/products/deposits/deposit/19029/,15.0,15.0,5000,1500000.0,1,61.0,RUB,15.0,True,True,True,True,,,,по выбору клиента,на льготных условиях,0.01,15.0
2764,Газпромбанк,https://cdn.banki.ru/cdn/bank/2764_modern_logo_url.svg,354,В плюсе (в конце срока),https://www.banki.ru/products/deposits/deposit/24638/,14.2,14.2,15000,,120,120.0,RUB,14.2,True,True,False,False,,,,нет,по ставке до востребования,8.3,14.2
2764,Газпромбанк,https://cdn.banki.ru/cdn/bank/2764_modern_logo_url.svg,354,Ежедневный процент,https://www.banki.ru/products/deposits/deposit/23243/,13.8,13.8,1,,30,61.0,RUB,13.8,True,True,True,True,,,,по выбору клиента,на льготных условиях,10.1,13.8
2764,Газпромбанк,https://cdn.banki.ru/cdn/bank/2764_modern_logo_url.svg,354,В плюсе (ежемесячно),https://www.banki.ru/products/deposits/deposit/24312/,13.07,13.07,15000,,213,213.0,RUB,13.51,True,True,False,False,,,,по выбору клиента,по ставке до востребования,8.46,13.51
2764,Газпромбанк,https://cdn.banki.ru/cdn/bank/2764_modern_logo_url.svg,354,Понятный процент,https://www.banki.ru/products/deposits/deposit/26067/,16.0,16.0,1,1000000.0,30,61.0,RUB,16.0,False,True,True,True,,,,по выбору клиента,на льготных условиях,14.0,16.0
2764,Газпромбанк,https://cdn.banki.ru/cdn/bank/2764_modern_logo_url.svg,354,Копить онлайн,https://www.banki.ru/products/deposits/deposit/22483/,13.5,13.5,15000,,91,91.0,RUB,13.5,False,True,False,False,,,,нет,по ставке до востребования,8.3,13.5
2764,Газпромбанк,https://cdn.banki.ru/cdn/bank/2764_modern_logo_url.svg,354,Ключевой момент,https://www.banki.ru/products/deposits/deposit/26060/,17.0,17.0,100000,15000000.0,1095,1095.0,RUB,17.0,False,True,False,False,,,,нет,по ставке до востребования,17.0,17.0
2764,Газпромбанк,https://cdn.banki.ru/cdn/bank/2764_modern_logo_url.svg,354,Ключевой момент,https://www.banki.ru/products/deposits/deposit/26059/,16.0,16.0,100000,15000000.0,731,731.0,RUB,16.0,False,True,False,False,,,,нет,по ставке до востребования,16.0,16.0
2764,Газпромбанк,https://cdn.banki.ru/cdn/bank/2764_modern_logo_url.svg,354,Ключевой момент,https://www.banki.ru/products/deposits/deposit/25682/,15.3,15.3,100000,15000000.0,548,548.0,RUB,15.3,False,True,False,False,,,,нет,по ставке до востребования,15.3,15.3
2764,Газпромбанк,https://cdn.banki.ru/cdn/bank/2764_modern_logo_url.svg,354,Ключевой момент ,https://www.banki.ru/products/deposits/deposit/26056/,14.5,14.5,100000,15000000.0,213,213.0,RUB,14.5,False,True,False,False,,,,нет,по ставке до востребования,14.5,14.5
2764,Газпромбанк,https://cdn.banki.ru/cdn/bank/2764_modern_logo_url.svg,354,Ключевой момент,https://www.banki.ru/products/deposits/deposit/26057/,14.5,14.5,100000,15000000.0,367,367.0,RUB,14.5,False,True,False,False,,,,нет,по ставке до востребования,14.5,14.5
2764,Газпромбанк,https://cdn.banki.ru/cdn/bank/2764_modern_logo_url.svg,354,Ключевой момент,https://www.banki.ru/products/deposits/deposit/26055/,14.3,14.3,100000,15000000.0,181,181.0,RUB,14.3,False,True,False,False,,,,нет,по ставке до востребования,14.3,14.3
2764,Газпромбанк,https://cdn.banki.ru/cdn/bank/2764_modern_logo_url.svg,354,Ключевой момент ,https://www.banki.ru/products/deposits/deposit/26058/,14.2,14.2,100000,15000000.0,120,120.0,RUB,14.2,False,True,False,False,,,,нет,по ставке до востребования,14.2,14.2
327,ВТБ,https://cdn.banki.ru/cdn/bank/327_modern_logo_url.svg,1000,ВТБ-Счет (на минимальный остаток),https://www.banki.ru/products/deposits/deposit/24356/,16.0,16.0,1000,1000000.0,1,91.0,RUB,16.0,True,True,True,True,,,,по выбору клиента,на льготных условиях,7.0,16.0
327,ВТБ,https://cdn.banki.ru/cdn/bank/327_modern_logo_url.svg,1000,ВТБ-Вклад (без опций с выплатой % в конце срока),https://www.banki.ru/products/deposits/deposit/24675/,14.3,14.3,10000,,61,61.0,RUB,14.3,True,True,False,False,,,,нет,по ставке до востребования,11.5,14.3
327,ВТБ,https://cdn.banki.ru/cdn/bank/327_modern_logo_url.svg,1000,ВТБ-Счет (на ежедневный остаток),https://www.banki.ru/products/deposits/deposit/24891/,15.0,15.0,1000,1000000.0,1,91.0,RUB,15.0,True,True,True,True,,,,по выбору клиента,на льготных условиях,6.0,15.0
327,ВТБ,https://cdn.banki.ru/cdn/bank/327_modern_logo_url.svg,1000,ВТБ-Вклад (с пополнением и снятием),https://www.banki.ru/products/deposits/deposit/24677/,10.95,10.95,15000000,300000000.0,61,61.0,RUB,11.0,False,True,True,True,,,,по выбору клиента,по ставке до востребования,1.48,11.0
327,ВТБ,https://cdn.banki.ru/cdn/bank/327_modern_logo_url.svg,1000,ВТБ-Вклад (без опций с выплатой % ежемесячно),https://www.banki.ru/products/deposits/deposit/24678/,14.1,14.1,10000,,61,61.0,RUB,14.18,True,True,False,False,,,,по выбору клиента,по ставке до востребования,9.13,14.18
327,ВТБ,https://cdn.banki.ru/cdn/bank/327_modern_logo_url.svg,1000,ВТБ-Вклад (с пополнением),https://www.banki.ru/products/deposits/deposit/24676/,11.1,11.1,15000000,300000000.0,61,61.0,RUB,11.15,False,True,False,True,,,,по выбору клиента,по ставке до востребования,1.53,11.15
6055,МТС Банк,https://cdn.banki.ru/cdn/bank/6055_modern_logo_url.svg,2268,МТС счёт (на ежедневный остаток),https://www.banki.ru/products/deposits/deposit/23008/,16.5,16.5,1,5000000.0,30,61.0,RUB,16.5,False,True,True,True,,,,по выбору клиента,на льготных условиях,5.0,16.5
6055,МТС Банк,https://cdn.banki.ru/cdn/bank/6055_modern_logo_url.svg,2268,Кешбокс,https://www.banki.ru/products/deposits/deposit/25980/,16.0,16.0,1,,30,,RUB,16.0,False,True,True,True,,,,по выбору клиента,на льготных условиях,16.0,16.0
6055,МТС Банк,https://cdn.banki.ru/cdn/bank/6055_modern_logo_url.svg,2268,МТС Вклад плюс,https://www.banki.ru/products/deposits/deposit/23178/,14.68,14.68,10000,,91,91.0,RUB,14.86,True,True,False,False,,,,по выбору клиента,по ставке до востребования,11.01,14.86
6055,МТС Банк,https://cdn.banki.ru/cdn/bank/6055_modern_logo_url.svg,2268,МТС Вклад плюс (с пополнением и снятием),https://www.banki.ru/products/deposits/deposit/23866/,11.89,11.89,100000,1500000.0,91,91.0,RUB,12.01,False,True,True,True,,,,по выбору клиента,по ставке до востребования,4.16,12.01
6055,МТС Банк,https://cdn.banki.ru/cdn/bank/6055_modern_logo_url.svg,2268,МТС Вклад плюс (с пополнением),https://www.banki.ru/products/deposits/deposit/23865/,11.69,11.69,10000000,500000000.0,91,91.0,RUB,11.8,False,True,False,True,,,,по выбору клиента,по ставке до востребования,4.37,11.8
6055,МТС Банк,https://cdn.banki.ru/cdn/bank/6055_modern_logo_url.svg,2268,МТС Максимум,https://www.banki.ru/products/deposits/deposit/25308/,13.9,13.9,10000,2000000.0,181,181.0,RUB,14.3,False,False,False,False,,,,по выбору клиента,по ставке до востребования,11.0,14.3
6055,МТС Банк,https://cdn.banki.ru/cdn/bank/6055_modern_logo_url.svg,2268,МТС Специальный,https://www.banki.ru/products/deposits/deposit/25062/,13.5,13.5,10000,,181,181.0,RUB,13.5,False,False,False,False,,,,нет,по ставке до востребования,9.8,13.5
6055,МТС Банк,https://cdn.banki.ru/cdn/bank/6055_modern_logo_url.svg,2268,МТС счёт (на минимальный остаток),https://www.banki.ru/products/deposits/deposit/25759/,13.0,13.0,1,5000000.0,30,,RUB,13.0,False,True,True,True,,,,по выбору клиента,на льготных условиях,5.0,13.0
196704,Банк НООСФЕРА,https://cdn.banki.ru/cdn/bank/196704_modern_logo_url.svg,2650,Стратегия успеха_181,https://www.banki.ru/products/deposits/deposit/25870/,13.65,13.65,50000,,181,181.0,RUB,13.65,False,True,False,False,,,,нет,по ставке до востребования,13.65,13.65
196704,Банк НООСФЕРА,https://cdn.banki.ru/cdn/bank/196704_modern_logo_url.svg,2650,Стратегия успеха_271,https://www.banki.ru/products/deposits/deposit/25871/,12.7,12.7,50000,,271,271.0,RUB,12.7,False,True,False,False,,,,нет,по ставке до востребования,12.7,12.7
196704,Банк НООСФЕРА,https://cdn.banki.ru/cdn/bank/196704_modern_logo_url.svg,2650,Стратегия успеха_367,https://www.banki.ru/products/deposits/deposit/25872/,13.0,13.0,50000,,367,367.0,RUB,13.0,False,True,False,False,,,,нет,по ставке до востребования,13.0,13.0
196704,Банк НООСФЕРА,https://cdn.banki.ru/cdn/bank/196704_modern_logo_url.svg,2650,На все 100,https://www.banki.ru/products/deposits/deposit/25649/,13.85,13.85,50000,,100,100.0,RUB,13.85,False,True,False,False,,,,нет,по ставке до востребования,13.85,13.85
196704,Банк НООСФЕРА,https://cdn.banki.ru/cdn/bank/196704_modern_logo_url.svg,2650,Стратегия успеха_540,https://www.banki.ru/products/deposits/deposit/25873/,11.0,11.0,50000,,540,540.0,RUB,11.0,False,True,False,False,,,,нет,по ставке до востребования,11.0,11.0
196704,Банк НООСФЕРА,https://cdn.banki.ru/cdn/bank/196704_modern_logo_url.svg,2650,Стратегия успеха_730,https://www.banki.ru/products/deposits/deposit/25874/,9.5,9.5,50000,,730,730.0,RUB,9.5,False,True,False,False,,,,нет,по ставке до востребования,9.5,9.5
196704,Банк НООСФЕРА,https://cdn.banki.ru/cdn/bank/196704_modern_logo_url.svg,2650,Стратегия успеха_1100,https://www.banki.ru/products/deposits/deposit/25875/,9.0,9.0,50000,,1100,1100.0,RUB,9.0,False,True,False,False,,,,нет,по ставке до востребования,9.0,9.0
76555,МОРСКОЙ БАНК,https://cdn.banki.ru/cdn/bank/76555_modern_logo_url.svg,77,Морской  (Банки.ру),https://www.banki.ru/products/deposits/deposit/26072/,10.7,10.7,100000,5000000.0,31,31.0,RUB,10.7,False,True,False,False,,,,нет,по ставке до востребования,10.7,10.7
76555,МОРСКОЙ БАНК,https://cdn.banki.ru/cdn/bank/76555_modern_logo_url.svg,77,Морской (Банки.ру),https://www.banki.ru/products/deposits/deposit/26074/,13.6,13.6,100000,5000000.0,181,181.0,RUB,13.6,False,True,False,False,,,,нет,по ставке до востребования,13.6,13.6
76555,МОРСКОЙ БАНК,https://cdn.banki.ru/cdn/bank/76555_modern_logo_url.svg,77,Морской (Банки.ру),https://www.banki.ru/products/deposits/deposit/26073/,13.2,13.2,100000,5000000.0,91,91.0,RUB,13.2,False,True,False,False,,,,нет,по ставке до востребования,13.2,13.2
76555,МОРСКОЙ БАНК,https://cdn.banki.ru/cdn/bank/76555_modern_logo_url.svg,77,Морской (Банки.ру),https://www.banki.ru/products/deposits/deposit/26075/,10.7,10.7,100000,5000000.0,271,271.0,RUB,10.7,False,True,False,False,,,,нет,по ставке до востребования,10.7,10.7
76555,МОРСКОЙ БАНК,https://cdn.banki.ru/cdn/bank/76555_modern_logo_url.svg,77,Морской (Банки.ру),https://www.banki.ru/products/deposits/deposit/26076/,10.2,10.2,100000,5000000.0,367,367.0,RUB,10.2,False,True,False,False,,,,нет,по ставке до востребования,10.2,10.2
2237,Банк ДОМ.РФ,https://cdn.banki.ru/cdn/bank/2237_modern_logo_url.svg,2312,ДОМа надежно,https://www.banki.ru/products/deposits/deposit/24561/,13.0,13.0,10000,1499999.0,91,91.0,RUB,13.0,False,True,False,False,,,,нет,по ставке до востребования,13.0,13.0
2237,Банк ДОМ.РФ,https://cdn.banki.ru/cdn/bank/2237_modern_logo_url.svg,2312,ДОМа надежно,https://www.banki.ru/products/deposits/deposit/25580/,13.2,13.2,1500000,15000000.0,91,91.0,RUB,13.2,False,True,False,False,,,,нет,по ставке до востребования,13.2,13.2
2237,Банк ДОМ.РФ,https://cdn.banki.ru/cdn/bank/2237_modern_logo_url.svg,2312,ДОМа надежно,https://www.banki.ru/products/deposits/deposit/24376/,12.8,12.8,10000,1499999.0,181,181.0,RUB,12.8,False,True,False,False,,,,нет,по ставке до востребования,12.8,12.8
2237,Банк ДОМ.РФ,https://cdn.banki.ru/cdn/bank/2237_modern_logo_url.svg,2312,ДОМа надежно,https://www.banki.ru/products/deposits/deposit/25581/,13.0,13.0,1500000,15000000.0,181,181.0,RUB,13.0,False,True,False,False,,,,нет,по ставке до востребования,13.0,13.0
2237,Банк ДОМ.РФ,https://cdn.banki.ru/cdn/bank/2237_modern_logo_url.svg,2312,ДОМа надежно,https://www.banki.ru/products/deposits/deposit/25080/,10.3,10.3,10000,1499999.0,31,31.0,RUB,10.3,False,True,False,False,,,,нет,по ставке до востребования,10.3,10.3
2237,Банк ДОМ.РФ,https://cdn.banki.ru/cdn/bank/2237_modern_logo_url.svg,2312,ДОМа надежно,https://www.banki.ru/products/deposits/deposit/25579/,10.5,10.5,1500000,15000000.0,31,31.0,RUB,10.5,False,True,False,False,,,,нет,по ставке до востребования,10.5,10.5
2237,Банк ДОМ.РФ,https://cdn.banki.ru/cdn/bank/2237_modern_logo_url.svg,2312,ДОМа надежно,https://www.banki.ru/products/deposits/deposit/24562/,11.8,11.8,10000,1499999.0,367,367.0,RUB,11.8,False,True,False,False,,,,нет,по ставке до востребования,11.8,11.8
2237,Банк ДОМ.РФ,https://cdn.banki.ru/cdn/bank/2237_modern_logo_url.svg,2312,ДОМа надежно,https://www.banki.ru/products/deposits/deposit/25582/,12.0,12.0,1500000,15000000.0,367,367.0,RUB,12.0,False,True,False,False,,,,нет,по ставке до востребования,12.0,12.0
2237,Банк ДОМ.РФ,https://cdn.banki.ru/cdn/bank/2237_modern_logo_url.svg,2312,Мой Дом,https://www.banki.ru/products/deposits/deposit/25853/,16.0,16.0,1500000,15000000.0,61,61.0,RUB,16.0,True,True,False,False,,,,нет,по ставке до востребования,16.0,16.0
193407,Энерготрансбанк,https:,1307,Доход плюс Банки.ру,https://www.banki.ru/products/deposits/deposit/25236/,13.5,13.5,50000,,91,91.0,RUB,13.5,False,True,False,False,,,,нет,по ставке до востребования,13.5,13.5
193407,Энерготрансбанк,https:,1307,Доход плюс Банки.ру,https://www.banki.ru/products/deposits/deposit/25953/,12.8,12.8,50000,,60,60.0,RUB,12.8,False,True,False,False,,,,нет,по ставке до востребования,12.8,12.8
191203,Примсоцбанк,https://cdn.banki.ru/cdn/bank/191203_modern_logo_url.svg,2733,Спринт Маркетплейс,https://www.banki.ru/products/deposits/deposit/25234/,12.5,12.5,100000,50000000.0,91,91.0,RUB,12.5,False,True,False,False,,,,нет,по ставке до востребования,12.5,12.5
9011,Металлинвестбанк,https://cdn.banki.ru/cdn/bank/9011_modern_logo_url.svg,2440,Максимальный доход_550,https://www.banki.ru/products/deposits/deposit/25866/,12.2,12.2,100000,,550,550.0,RUB,12.2,False,True,False,False,,,,нет,на льготных условиях,12.2,12.2
9011,Металлинвестбанк,https://cdn.banki.ru/cdn/bank/9011_modern_logo_url.svg,2440,Максимальный доход_740,https://www.banki.ru/products/deposits/deposit/25864/,11.7,11.7,100000,,740,740.0,RUB,11.7,False,True,False,False,,,,нет,на льготных условиях,11.7,11.7
9011,Металлинвестбанк,https://cdn.banki.ru/cdn/bank/9011_modern_logo_url.svg,2440,Максимальный доход_1100,https://www.banki.ru/products/deposits/deposit/25865/,10.7,10.7,100000,,1100,1100.0,RUB,10.7,False,True,False,False,,,,нет,на льготных условиях,10.7,10.7
12374,НС Банк,https://cdn.banki.ru/cdn/bank/12374_modern_logo_url.svg,3124,Выгодный союз,https://www.banki.ru/products/deposits/deposit/24799/,14.05,14.05,50000,3000000.0,90,90.0,RUB,14.05,False,True,False,False,,,,нет,по ставке до востребования,14.05,14.05
12374,НС Банк,https://cdn.banki.ru/cdn/bank/12374_modern_logo_url.svg,3124,Выгодный союз,https://www.banki.ru/products/deposits/deposit/25060/,13.5,13.5,50000,3000000.0,150,150.0,RUB,13.5,False,True,False,False,,,,нет,по ставке до востребования,13.5,13.5
195706,Т-Банк,https://cdn.banki.ru/cdn/bank/195706_modern_logo_url.svg,2673,СмартВклад с повышенной ставкой,https://www.banki.ru/products/deposits/deposit/14907/,13.61,13.61,50000,,182,182.0,RUB,14.0,False,True,True,True,,,,по выбору клиента,по ставке до востребования,12.19,14.0
195706,Т-Банк,https://cdn.banki.ru/cdn/bank/195706_modern_logo_url.svg,2673,СмартВклад со стандартной ставкой,https://www.banki.ru/products/deposits/deposit/1701/,11.0,11.0,50000,,61,61.0,RUB,11.05,False,True,True,True,,,,по выбору клиента,по ставке до востребования,7.45,11.25
195706,Т-Банк,https://cdn.banki.ru/cdn/bank/195706_modern_logo_url.svg,2673,Накопительный счет,https://www.banki.ru/products/deposits/deposit/22988/,7.0,7.0,1,,30,,RUB,7.0,False,True,True,True,,,,по выбору клиента,на льготных условиях,7.0,7.0
11752949,Ozon Банк,https://cdn.banki.ru/cdn/bank/11752949_modern_logo_url.svg,3542,Накопительный счёт,https://www.banki.ru/products/deposits/deposit/23837/,16.2,16.2,1,,30,61.0,RUB,16.2,False,True,True,True,,,,по выбору клиента,на льготных условиях,10.0,16.2
11752949,Ozon Банк,https://cdn.banki.ru/cdn/bank/11752949_modern_logo_url.svg,3542,Срочный,https://www.banki.ru/products/deposits/deposit/24384/,14.42,14.42,10000,,61,61.0,RUB,14.51,False,True,False,False,,,,есть,по ставке до востребования,12.7,14.51
11752949,Ozon Банк,https://cdn.banki.ru/cdn/bank/11752949_modern_logo_url.svg,3542,Ежедневный доход,https://www.banki.ru/products/deposits/deposit/25494/,12.5,12.5,1,,1,,RUB,12.5,False,True,True,True,,,,по выбору клиента,на льготных условиях,12.5,12.5
325,Альфа-Банк,https://cdn.banki.ru/cdn/bank/325_modern_logo_url.svg,1326,Альфа-Счёт (на минимальный остаток),https://www.banki.ru/products/deposits/deposit/18953/,15.0,15.0,1,1000000.0,30,61.0,RUB,15.0,False,True,True,True,,,,по выбору клиента,на льготных условиях,4.0,15.0
325,Альфа-Банк,https://cdn.banki.ru/cdn/bank/325_modern_logo_url.svg,1326,Альфа-Вклад Новые деньги,https://www.banki.ru/products/deposits/deposit/25178/,14.04,14.04,50000,,92,92.0,RUB,14.21,False,True,False,False,,,,по выбору клиента,по ставке до востребования,8.1,14.21
325,Альфа-Банк,https://cdn.banki.ru/cdn/bank/325_modern_logo_url.svg,1326,Альфа-Счёт (на ежедневный остаток),https://www.banki.ru/products/deposits/deposit/24517/,14.0,14.0,1,1000000.0,30,61.0,RUB,14.0,False,True,True,True,,,,по выбору клиента,на льготных условиях,6.0,14.0
325,Альфа-Банк,https://cdn.banki.ru/cdn/bank/325_modern_logo_url.svg,1326,Альфа-Вклад Максимальный,https://www.banki.ru/products/deposits/deposit/23535/,13.84,13.84,50000,,92,92.0,RUB,14.0,False,True,False,False,,,,по выбору клиента,по ставке до востребования,7.3,14.0
325,Альфа-Банк,https://cdn.banki.ru/cdn/bank/325_modern_logo_url.svg,1326,Альфа-Вклад Пенсионный,https://www.banki.ru/products/deposits/deposit/24426/,13.66,13.66,10000,,123,123.0,RUB,13.9,False,False,False,False,,,,по выбору клиента,по ставке до востребования,7.4,13.9
325,Альфа-Банк,https://cdn.banki.ru/cdn/bank/325_modern_logo_url.svg,1326,Альфа-Вклад (без пополнения и снятия),https://www.banki.ru/products/deposits/deposit/23316/,13.55,13.55,10000,,92,92.0,RUB,13.71,False,True,False,False,,,,по выбору клиента,по ставке до востребования,7.0,13.71
325,Альфа-Банк,https://cdn.banki.ru/cdn/bank/325_modern_logo_url.svg,1326,Альфа-Вклад Ключевой,https://www.banki.ru/products/deposits/deposit/26095/,13.5,13.5,10000,,92,92.0,RUB,13.65,False,True,False,False,,,,по выбору клиента,по ставке до востребования,13.65,16.53
325,Альфа-Банк,https://cdn.banki.ru/cdn/bank/325_modern_logo_url.svg,1326,Альфа-Вклад (с пополнением),https://www.banki.ru/products/deposits/deposit/20586/,10.7,10.7,300000,,92,92.0,RUB,10.8,False,True,False,True,,,,по выбору клиента,по ставке до востребования,6.8,10.8
325,Альфа-Банк,https://cdn.banki.ru/cdn/bank/325_modern_logo_url.svg,1326,Альфа-Вклад (с пополнением и снятием),https://www.banki.ru/products/deposits/deposit/20587/,10.21,10.21,300000,,92,92.0,RUB,10.3,False,True,True,True,,,,по выбору клиента,по ставке до востребования,6.31,10.3
325,Альфа-Банк,https://cdn.banki.ru/cdn/bank/325_modern_logo_url.svg,1326,Стань миллионером,https://www.banki.ru/products/deposits/deposit/26085/,10.0,10.0,10000,,30,,RUB,10.0,False,True,True,True,,,,по выбору клиента,на льготных условиях,10.0,10.0
192833,Азиатско-Тихоокеанский банк (АТБ),https://cdn.banki.ru/cdn/bank/192833_modern_logo_url.svg,1810,Первый,https://www.banki.ru/products/deposits/deposit/25749/,15.0,15.0,1,1000000.0,30,61.0,RUB,15.0,False,False,True,True,,,,по выбору клиента,на льготных условиях,8.0,15.0
192833,Азиатско-Тихоокеанский банк (АТБ),https://cdn.banki.ru/cdn/bank/192833_modern_logo_url.svg,1810,Новые деньги,https://www.banki.ru/products/deposits/deposit/25212/,14.0,14.0,50000,,182,182.0,RUB,14.0,False,True,False,False,,,,нет,по ставке до востребования,10.3,14.0
192833,Азиатско-Тихоокеанский банк (АТБ),https://cdn.banki.ru/cdn/bank/192833_modern_logo_url.svg,1810,Доходный (в конце срока),https://www.banki.ru/products/deposits/deposit/25473/,13.7,13.7,50000,,182,182.0,RUB,13.7,False,True,False,False,,,,нет,по ставке до востребования,10.0,13.7
192833,Азиатско-Тихоокеанский банк (АТБ),https://cdn.banki.ru/cdn/bank/192833_modern_logo_url.svg,1810,В плюсе,https://www.banki.ru/products/deposits/deposit/24533/,13.46,13.46,50000,,182,182.0,RUB,13.46,False,True,False,True,,,,нет,по ставке до востребования,12.09,13.46
192833,Азиатско-Тихоокеанский банк (АТБ),https://cdn.banki.ru/cdn/bank/192833_modern_logo_url.svg,1810,Доходный (ежемесячно),https://www.banki.ru/products/deposits/deposit/25474/,13.35,13.35,50000,,92,92.0,RUB,13.35,False,True,False,False,,,,нет,по ставке до востребования,8.78,13.35
192833,Азиатско-Тихоокеанский банк (АТБ),https://cdn.banki.ru/cdn/bank/192833_modern_logo_url.svg,1810,Пополняемый (в конце срока),https://www.banki.ru/products/deposits/deposit/25475/,13.0,13.0,50000,1000000.0,92,92.0,RUB,13.0,False,True,False,True,,,,нет,по ставке до востребования,6.5,13.0
192833,Азиатско-Тихоокеанский банк (АТБ),https://cdn.banki.ru/cdn/bank/192833_modern_logo_url.svg,1810,Пополняемый (ежемесячно),https://www.banki.ru/products/deposits/deposit/25476/,12.86,12.86,50000,1000000.0,92,92.0,RUB,12.86,False,True,False,True,,,,нет,по ставке до востребования,5.95,12.86
192833,Азиатско-Тихоокеанский банк (АТБ),https://cdn.banki.ru/cdn/bank/192833_modern_logo_url.svg,1810,АТБ.Счет+,https://www.banki.ru/products/deposits/deposit/24976/,9.0,9.0,1,3000000.0,30,,RUB,9.0,False,True,True,True,,,,по выбору клиента,на льготных условиях,9.0,9.0
189187,Солид Банк,https://cdn.banki.ru/cdn/bank/189187_modern_logo_url.svg,1329,Детский,https://www.banki.ru/products/deposits/deposit/21343/,15.0,15.0,5000,10000000.0,1096,1096.0,RUB,18.52,False,False,False,True,,,,есть,по ставке до востребования,18.52,18.52
189187,Солид Банк,https://cdn.banki.ru/cdn/bank/189187_modern_logo_url.svg,1329,Сакура,https://www.banki.ru/products/deposits/deposit/26090/,14.0,14.0,30000,5000000.0,91,91.0,RUB,14.0,False,False,False,False,,,,нет,по ставке до востребования,14.0,14.0
189187,Солид Банк,https://cdn.banki.ru/cdn/bank/189187_modern_logo_url.svg,1329,Пенсионный,https://www.banki.ru/products/deposits/deposit/25545/,13.0,13.0,50000,10000000.0,180,180.0,RUB,13.35,False,False,False,True,,,,по выбору клиента,по ставке до востребования,12.69,13.35
189187,Солид Банк,https://cdn.banki.ru/cdn/bank/189187_modern_logo_url.svg,1329,Стабильный процент,https://www.banki.ru/products/deposits/deposit/22884/,13.0,13.0,50000,10000000.0,180,180.0,RUB,13.0,False,False,False,True,,,,нет,по ставке до востребования,13.0,13.0
189187,Солид Банк,https://cdn.banki.ru/cdn/bank/189187_modern_logo_url.svg,1329,VIP,https://www.banki.ru/products/deposits/deposit/23784/,13.0,13.0,10000000,300000000.0,367,367.0,RUB,13.0,False,False,False,True,,,,нет,на льготных условиях,13.0,13.0
189187,Солид Банк,https://cdn.banki.ru/cdn/bank/189187_modern_logo_url.svg,1329,Юбилейный 35,https://www.banki.ru/products/deposits/deposit/25952/,12.92,12.92,35000,10000000.0,365,365.0,RUB,12.92,False,,False,True,,,,нет,на льготных условиях,12.92,12.92
189187,Солид Банк,https://cdn.banki.ru/cdn/bank/189187_modern_logo_url.svg,1329,Солидная копилка,https://www.banki.ru/products/deposits/deposit/24925/,12.0,12.0,1,,1,,RUB,12.0,False,False,True,True,,,,по выбору клиента,на льготных условиях,12.0,12.0
189187,Солид Банк,https://cdn.banki.ru/cdn/bank/189187_modern_logo_url.svg,1329,Солидный,https://www.banki.ru/products/deposits/deposit/21721/,11.25,11.25,30000,10000000.0,730,730.0,RUB,12.55,False,False,False,True,,,,есть,на льготных условиях,12.55,12.55
189187,Солид Банк,https://cdn.banki.ru/cdn/bank/189187_modern_logo_url.svg,1329,Перспективный,https://www.banki.ru/products/deposits/deposit/23635/,11.0,11.0,50000,10000000.0,730,730.0,RUB,11.0,False,False,False,True,,,,нет,на льготных условиях,11.0,11.0
195603,Крона-Банк,https:,2499,КРОНА–премиум,https://www.banki.ru/products/deposits/deposit/19230/,14.5,14.5,10000000,50000000.0,181,181.0,RUB,14.94,False,False,False,True,,,,по выбору клиента,на льготных условиях,14.94,14.94
195603,Крона-Банк,https:,2499,КРОНА–престиж,https://www.banki.ru/products/deposits/deposit/11673/,13.25,13.25,5000000,50000000.0,181,181.0,RUB,13.62,False,False,False,True,,,,по выбору клиента,на льготных условиях,13.62,13.62
195603,Крона-Банк,https:,2499,КРОНА–классик,https://www.banki.ru/products/deposits/deposit/17784/,12.0,12.0,1000000,5000000.0,181,181.0,RUB,12.3,False,False,False,True,,,,есть,по ставке до востребования,7.76,12.3
195603,Крона-Банк,https:,2499,Пенсионный,https://www.banki.ru/products/deposits/deposit/17783/,10.0,10.0,5000,5000000.0,367,367.0,RUB,10.47,False,False,False,True,,,,по выбору клиента,на льготных условиях,10.47,10.47
195603,Крона-Банк,https:,2499,КРОНА–комфорт,https://www.banki.ru/products/deposits/deposit/11672/,9.0,9.0,1000000,50000000.0,367,367.0,RUB,9.38,False,False,True,True,,,,по выбору клиента,по ставке до востребования,4.59,9.38
195603,Крона-Банк,https:,2499,Пенсионный плюс,https://www.banki.ru/products/deposits/deposit/4802/,5.0,5.0,1000,5000000.0,730,730.0,RUB,5.25,False,False,True,True,,,,по выбору клиента,на льготных условиях,5.25,5.25
187472,Яндекс Банк,https://cdn.banki.ru/cdn/bank/187472_modern_logo_url.svg,3027,Сейв,https://www.banki.ru/products/deposits/deposit/24672/,14.3,14.3,10000,10000000.0,181,181.0,RUB,14.3,False,True,False,True,,,,нет,по ставке до востребования,11.0,14.3
322,Сбербанк,https://cdn.banki.ru/cdn/bank/322_modern_logo_url.svg,1481,Лучший % (ежемесячно),https://www.banki.ru/products/deposits/deposit/23255/,14.2,14.2,100000,,122,122.0,RUB,14.2,False,True,False,False,,,,нет,по ставке до востребования,5.95,14.2
322,Сбербанк,https://cdn.banki.ru/cdn/bank/322_modern_logo_url.svg,1481,Накопительный счёт,https://www.banki.ru/products/deposits/deposit/26000/,13.5,13.5,1,,30,61.0,RUB,13.5,False,True,True,True,,,,по выбору клиента,на льготных условиях,7.5,13.5
322,Сбербанк,https://cdn.banki.ru/cdn/bank/322_modern_logo_url.svg,1481,Ключевой детский,https://www.banki.ru/products/deposits/deposit/25366/,13.5,13.5,1,5000000.0,182,182.0,RUB,13.88,False,False,False,True,,,,по выбору клиента,по ставке до востребования,13.88,13.88
322,Сбербанк,https://cdn.banki.ru/cdn/bank/322_modern_logo_url.svg,1481,Ключевой,https://www.banki.ru/products/deposits/deposit/25906/,13.0,13.0,100000,,182,182.0,RUB,13.36,False,True,False,False,,,,по выбору клиента,по ставке до востребования,13.36,15.8
322,Сбербанк,https://cdn.banki.ru/cdn/bank/322_modern_logo_url.svg,1481,"СберВклад Молодёжный (без пополнения, в конце срока)",https://www.banki.ru/products/deposits/deposit/25777/,12.8,12.8,10000,,122,122.0,RUB,12.8,False,True,False,False,,,,нет,по ставке до востребования,6.3,12.8
322,Сбербанк,https://cdn.banki.ru/cdn/bank/322_modern_logo_url.svg,1481,"СберВклад Молодёжный (без пополнения, ежемесячно)",https://www.banki.ru/products/deposits/deposit/25778/,12.5,12.5,10000,,122,122.0,RUB,12.5,False,True,False,False,,,,нет,по ставке до востребования,5.75,12.5
322,Сбербанк,https://cdn.banki.ru/cdn/bank/322_modern_logo_url.svg,1481,"СберВклад (без пополнения, в конце срока)",https://www.banki.ru/products/deposits/deposit/25781/,12.0,12.0,1000000,,122,122.0,RUB,12.0,False,True,False,False,,,,нет,по ставке до востребования,5.3,12.0
322,Сбербанк,https://cdn.banki.ru/cdn/bank/322_modern_logo_url.svg,1481,"СберВклад (без пополнения, ежемесячно)",https://www.banki.ru/products/deposits/deposit/25782/,11.7,11.7,1000000,,122,122.0,RUB,11.7,False,True,False,False,,,,нет,по ставке до востребования,4.75,11.7
322,Сбербанк,https://cdn.banki.ru/cdn/bank/322_modern_logo_url.svg,1481,Накопилка,https://www.banki.ru/products/deposits/deposit/25699/,7.5,7.5,1,200000.0,30,30.0,RUB,7.5,False,True,True,True,,,,нет,по ставке до востребования,7.5,7.5
322,Сбербанк,https://cdn.banki.ru/cdn/bank/322_modern_logo_url.svg,1481,Лучший % (в конце срока),https://www.banki.ru/products/deposits/deposit/24536/,14.5,14.5,100000,,122,122.0,RUB,14.5,False,True,False,False,,,,нет,по ставке до востребования,6.5,14.5
5306,ПСБ,https://cdn.banki.ru/cdn/bank/5306_modern_logo_url.svg,3251,Про запас,https://www.banki.ru/products/deposits/deposit/21428/,14.0,14.0,1,5000000.0,30,61.0,RUB,14.0,False,True,True,True,,,,по выбору клиента,на льготных условиях,5.0,14.0
5306,ПСБ,https://cdn.banki.ru/cdn/bank/5306_modern_logo_url.svg,3251,Стабильный доход,https://www.banki.ru/products/deposits/deposit/25413/,13.8,13.8,3000000,,181,181.0,RUB,13.8,False,True,False,False,,,,нет,по ставке до востребования,10.5,13.8
5306,ПСБ,https://cdn.banki.ru/cdn/bank/5306_modern_logo_url.svg,3251,Огонь ставка,https://www.banki.ru/products/deposits/deposit/25933/,13.4,13.4,100000,,250,250.0,RUB,13.4,False,True,False,True,,,,нет,по ставке до востребования,13.4,13.4
5306,ПСБ,https://cdn.banki.ru/cdn/bank/5306_modern_logo_url.svg,3251,Мой доход,https://www.banki.ru/products/deposits/deposit/18837/,13.3,13.3,10000,,181,181.0,RUB,13.3,False,True,False,True,,,,нет,на льготных условиях,10.5,13.3
5306,ПСБ,https://cdn.banki.ru/cdn/bank/5306_modern_logo_url.svg,3251,Хранитель (на минимальный остаток),https://www.banki.ru/products/deposits/deposit/25878/,12.5,12.5,10000,,30,,RUB,12.5,False,True,True,True,,,,по выбору клиента,на льготных условиях,12.5,12.5
5306,ПСБ,https://cdn.banki.ru/cdn/bank/5306_modern_logo_url.svg,3251,Хранитель (на ежедневный остаток),https://www.banki.ru/products/deposits/deposit/25879/,11.5,11.5,10000,,30,,RUB,11.5,False,True,True,True,,,,по выбору клиента,на льготных условиях,11.5,11.5
5306,ПСБ,https://cdn.banki.ru/cdn/bank/5306_modern_logo_url.svg,3251,Моя копилка,https://www.banki.ru/products/deposits/deposit/10780/,11.5,11.5,100000,20000000.0,91,91.0,RUB,11.61,False,True,False,True,,,,по выбору клиента,по ставке до востребования,11.58,11.78
5306,ПСБ,https://cdn.banki.ru/cdn/bank/5306_modern_logo_url.svg,3251,Мои возможности,https://www.banki.ru/products/deposits/deposit/3520/,11.0,11.0,100000,20000000.0,91,91.0,RUB,11.1,False,True,True,True,,,,по выбору клиента,по ставке до востребования,10.47,11.25
5306,ПСБ,https://cdn.banki.ru/cdn/bank/5306_modern_logo_url.svg,3251,Акцент на процент,https://www.banki.ru/products/deposits/deposit/21427/,10.0,10.0,1,,30,,RUB,10.0,False,True,True,True,,,,по выбору клиента,на льготных условиях,10.0,10.0
5306,ПСБ,https://cdn.banki.ru/cdn/bank/5306_modern_logo_url.svg,3251,Сильная ставка,https://www.banki.ru/products/deposits/deposit/22446/,14.5,14.5,100000,,181,181.0,RUB,14.5,False,True,False,False,,,,нет,по ставке до востребования,11.5,14.5
4725,Россельхозбанк,https://cdn.banki.ru/cdn/bank/4725_modern_logo_url.svg,3349,Мой счёт,https://www.banki.ru/products/deposits/deposit/19284/,14.0,14.0,100,1500000.0,30,91.0,RUB,14.0,False,True,True,True,,,,по выбору клиента,на льготных условиях,8.0,14.0
4725,Россельхозбанк,https://cdn.banki.ru/cdn/bank/4725_modern_logo_url.svg,3349,Доходный Пенсионный (в конце срока),https://www.banki.ru/products/deposits/deposit/20069/,13.1,13.1,500,,91,91.0,RUB,13.1,False,False,False,False,,,,нет,по ставке до востребования,7.6,13.1
4725,Россельхозбанк,https://cdn.banki.ru/cdn/bank/4725_modern_logo_url.svg,3349,Свой вклад (в конце срока),https://www.banki.ru/products/deposits/deposit/24508/,13.1,13.1,5000,,91,91.0,RUB,13.1,False,True,False,False,,,,нет,по ставке до востребования,7.8,13.1
4725,Россельхозбанк,https://cdn.banki.ru/cdn/bank/4725_modern_logo_url.svg,3349,Доходный Пенсионный (ежемесячно),https://www.banki.ru/products/deposits/deposit/22617/,12.9,12.9,500,,91,91.0,RUB,12.9,False,False,False,False,,,,нет,по ставке до востребования,6.85,12.9
4725,Россельхозбанк,https://cdn.banki.ru/cdn/bank/4725_modern_logo_url.svg,3349,Свой вклад (ежемесячно),https://www.banki.ru/products/deposits/deposit/24509/,12.9,12.9,5000,,91,91.0,RUB,13.04,False,True,False,False,,,,по выбору клиента,по ставке до востребования,7.57,13.04
4725,Россельхозбанк,https://cdn.banki.ru/cdn/bank/4725_modern_logo_url.svg,3349,Доходный (в конце срока),https://www.banki.ru/products/deposits/deposit/17602/,12.0,12.0,10000,,180,180.0,RUB,12.0,False,True,False,False,,,,нет,по ставке до востребования,6.3,12.0
4725,Россельхозбанк,https://cdn.banki.ru/cdn/bank/4725_modern_logo_url.svg,3349,Доходный (ежемесячно),https://www.banki.ru/products/deposits/deposit/25536/,11.75,11.75,10000,,91,91.0,RUB,11.86,False,True,False,False,,,,по выбору клиента,по ставке до востребования,6.02,11.98
4725,Россельхозбанк,https://cdn.banki.ru/cdn/bank/4725_modern_logo_url.svg,3349,Моя копилка,https://www.banki.ru/products/deposits/deposit/20301/,9.5,9.5,100,,30,,RUB,9.5,False,True,True,True,,,,по выбору клиента,на льготных условиях,9.5,9.5
4725,Россельхозбанк,https://cdn.banki.ru/cdn/bank/4725_modern_logo_url.svg,3349,Растущий доход,https://www.banki.ru/products/deposits/deposit/20476/,7.83,7.83,10000,,540,540.0,RUB,7.83,False,False,False,False,,,,нет,на льготных условиях,7.83,7.83
4725,Россельхозбанк,https://cdn.banki.ru/cdn/bank/4725_modern_logo_url.svg,3349,Пополняемый,https://www.banki.ru/products/deposits/deposit/18167/,6.3,6.3,700000,10000000.0,91,91.0,RUB,6.33,False,True,False,True,,,,по выбору клиента,по ставке до востребования,5.65,6.33
4725,Россельхозбанк,https://cdn.banki.ru/cdn/bank/4725_modern_logo_url.svg,3349,Пенсионный Плюс,https://www.banki.ru/products/deposits/deposit/7155/,6.2,6.2,2000000,10000000.0,395,395.0,RUB,6.4,False,False,True,True,,,,есть,по ставке до востребования,4.02,6.4
4725,Россельхозбанк,https://cdn.banki.ru/cdn/bank/4725_modern_logo_url.svg,3349,Комфортный,https://www.banki.ru/products/deposits/deposit/18169/,6.1,6.1,700000,10000000.0,91,91.0,RUB,6.13,False,True,True,True,,,,по выбору клиента,по ставке до востребования,4.08,6.13
4725,Россельхозбанк,https://cdn.banki.ru/cdn/bank/4725_modern_logo_url.svg,3349,Накопи на мечту,https://www.banki.ru/products/deposits/deposit/13200/,4.0,4.0,3000,10000000.0,730,730.0,RUB,4.16,False,False,False,True,,,,есть,на льготных условиях,3.46,4.24
191107,Дальневосточный Банк,https://cdn.banki.ru/cdn/bank/191107_modern_logo_url.svg,843,Новые возможности,https://www.banki.ru/products/deposits/deposit/23584/,14.0,14.0,50000,,186,186.0,RUB,14.0,False,True,False,False,,,,нет,по ставке до востребования,11.2,14.0
191107,Дальневосточный Банк,https://cdn.banki.ru/cdn/bank/191107_modern_logo_url.svg,843,Доходный (в конце срока),https://www.banki.ru/products/deposits/deposit/2226/,13.7,13.7,10000,,186,186.0,RUB,13.7,False,True,False,True,,,,нет,по ставке до востребования,11.1,13.7
191107,Дальневосточный Банк,https://cdn.banki.ru/cdn/bank/191107_modern_logo_url.svg,843,Доходный (ежемесячно),https://www.banki.ru/products/deposits/deposit/19792/,13.6,13.6,10000,,186,186.0,RUB,13.6,False,True,False,True,,,,нет,по ставке до востребования,11.0,13.6
191107,Дальневосточный Банк,https://cdn.banki.ru/cdn/bank/191107_modern_logo_url.svg,843,Накопительный счет,https://www.banki.ru/products/deposits/deposit/24487/,11.0,11.0,10000,,30,,RUB,11.0,False,True,True,True,,,,по выбору клиента,на льготных условиях,11.0,11.0
114461,Банк ФИНАМ,https://cdn.banki.ru/cdn/bank/114461_modern_logo_url.svg,2799,Ваши правила (без опций с выплатой в конце срока),https://www.banki.ru/products/deposits/deposit/24243/,13.9,13.9,30000,,90,90.0,RUB,13.9,False,True,False,False,,,,нет,по ставке до востребования,9.0,13.9
114461,Банк ФИНАМ,https://cdn.banki.ru/cdn/bank/114461_modern_logo_url.svg,2799,Лучший,https://www.banki.ru/products/deposits/deposit/19867/,13.8,13.8,300000,,90,90.0,RUB,13.8,False,False,False,False,,,,нет,по ставке до востребования,11.4,13.8
114461,Банк ФИНАМ,https://cdn.banki.ru/cdn/bank/114461_modern_logo_url.svg,2799,Ваши правила (без опций с выплатой ежемесячно),https://www.banki.ru/products/deposits/deposit/24244/,13.75,13.75,30000,,60,60.0,RUB,13.75,False,True,False,False,,,,нет,по ставке до востребования,6.4,13.75
114461,Банк ФИНАМ,https://cdn.banki.ru/cdn/bank/114461_modern_logo_url.svg,2799,Максимум+,https://www.banki.ru/products/deposits/deposit/19869/,13.7,13.7,10000,,61,90.0,RUB,13.7,False,False,False,False,,,,нет,по ставке до востребования,11.3,13.7
114461,Банк ФИНАМ,https://cdn.banki.ru/cdn/bank/114461_modern_logo_url.svg,2799,"Ваши правила (с пополнением, выплата в конце срока)",https://www.banki.ru/products/deposits/deposit/24248/,13.5,13.5,30000,,31,31.0,RUB,13.5,False,True,False,True,,,,нет,по ставке до востребования,7.0,13.5
114461,Банк ФИНАМ,https://cdn.banki.ru/cdn/bank/114461_modern_logo_url.svg,2799,"Ваши правила (с пополнением, выплата ежемесячно)",https://www.banki.ru/products/deposits/deposit/24246/,13.35,13.35,30000,,60,60.0,RUB,13.35,False,True,False,True,,,,нет,по ставке до востребования,4.4,13.35
114461,Банк ФИНАМ,https://cdn.banki.ru/cdn/bank/114461_modern_logo_url.svg,2799,"Ваши правила (с пополнением и снятием, выплата в конце срока)",https://www.banki.ru/products/deposits/deposit/24245/,12.5,12.5,30000,,31,31.0,RUB,12.5,False,True,True,True,,,,нет,по ставке до востребования,7.0,12.5
114461,Банк ФИНАМ,https://cdn.banki.ru/cdn/bank/114461_modern_logo_url.svg,2799,"Ваши правила (с пополнением и снятием, выплата ежемесячно)",https://www.banki.ru/products/deposits/deposit/24247/,12.35,12.35,30000,,60,60.0,RUB,12.35,False,True,True,True,,,,нет,по ставке до востребования,4.4,12.35
12453,ГЕНБАНК,https:,2490,Пополняемый (в конце срока),https://www.banki.ru/products/deposits/deposit/25198/,12.8,12.8,30000,,91,91.0,RUB,12.8,False,True,False,True,,,,нет,по ставке до востребования,9.0,12.8
12453,ГЕНБАНК,https:,2490,Пополняемый (ежемесячно),https://www.banki.ru/products/deposits/deposit/25199/,12.5,12.5,30000,,91,91.0,RUB,12.5,False,True,False,True,,,,нет,по ставке до востребования,8.0,12.5
15227,Ланта-Банк,https:,1920,Оптимальный,https://www.banki.ru/products/deposits/deposit/25632/,12.5,12.5,5000000,,92,92.0,RUB,12.5,False,False,True,True,,,,нет,по ставке до востребования,7.5,12.5
15227,Ланта-Банк,https:,1920,Перспективный,https://www.banki.ru/products/deposits/deposit/25631/,10.75,10.75,500000,,92,92.0,RUB,10.75,False,False,False,True,,,,нет,по ставке до востребования,8.5,10.75
63520,Уралсиб,https://cdn.banki.ru/cdn/bank/63520_modern_logo_url.svg,30,Уралсиб счет,https://www.banki.ru/products/deposits/deposit/24928/,10.0,10.0,1000000,2000000.0,30,,RUB,10.0,False,True,True,True,,,,по выбору клиента,на льготных условиях,10.0,10.0
187059,АКБ «БЭНК ОФ ЧАЙНА»,https:,2309,Комфортный,https://www.banki.ru/products/deposits/deposit/19720/,8.0,8.0,1000000,,91,91.0,RUB,8.0,False,False,False,False,,,,нет,по ставке до востребования,6.0,8.0
187059,АКБ «БЭНК ОФ ЧАЙНА»,https:,2309,Накопительный,https://www.banki.ru/products/deposits/deposit/19722/,8.0,8.0,1000000,,91,91.0,RUB,8.0,False,False,False,False,,,,нет,по ставке до востребования,6.0,8.0
