bank_id,bank_name,img_logo_url,idx_license,offer_pledge,offer_url,rateMin,rateMax,amountMin,amountMax,termMin,termMax,currency,rateEfficient,is_special_offer,is_online_opening_possible,is_partial_withdrawal_possible,is_replenishment_possible,action_title,action_percent,action_link,capitalization,early_termination_method,rates_min,rates_max,offer_uid,product_hash,is_actual,start_time,end_time,ratesMin,ratesMax
191932,Северный Народный Банк,https:,2721,Пенсионный,https://www.banki.ru/products/deposits/deposit/6827/,9.0,9.0,10000,,600,600.0,RUB,9.66,False,False,True,True,,,,есть,на льготных условиях,,,0276fadd751d34aa7e626c7a69678745be45bbb0a809311350c82a8c70605cbb,f172d94ad06f5e33880e072cab8165c30feebae0df5cda6110621d57e987a87e,True,2026-06-15 18:56:49,,9.66,9.66
191982,РБА,https:,3413,Осенний,https://www.banki.ru/products/deposits/deposit/25806/,12.5,12.5,50000000,,60,60.0,RUB,12.5,False,False,True,True,,,,нет,по ставке до востребования,,,5934d4966cfd21dcd5cfbafc2247b090ec3c0f8e15eddf648c061e2dade62b9a,ae70262df4ccb9842f97c57542a60bd181db479876f971f7a05eeb0f58277945,True,2026-06-15 18:56:49,,12.5,12.5
193992,Датабанк,https:,646,Социальный Удобный,https://www.banki.ru/products/deposits/deposit/18220/,3.5,3.5,1,,1094,1094.0,RUB,3.5,False,False,True,True,,,,нет,по ставке до востребования,,,2a52bf3e7de3bae708cb489df47cf0d4372ac90af181741ef9f697fda3c6594f,4e9065a6d80f4f15a8975ff70b6adafc93edd27fb8546a10f405e72c5897e8f5,True,2026-06-15 18:56:49,,3.5,3.5
195190,Владбизнесбанк,https://static2.banki.ru/ugc/c6/a3/50/4c/195190.svg,903,Пенсионный классический,https://www.banki.ru/products/deposits/deposit/6595/,3.0,3.0,250,,2555,2555.0,RUB,3.33,False,False,True,True,,,,есть,на льготных условиях,,,e9d78af2a54a2b58b2f53dddbcfef63ba3676e32103b7bc6163d4c1a47947a91,8f24dbe22874e73331bdb86634c76092ad071ba156885abfcc466ea544083d66,True,2026-06-15 18:56:49,,3.33,3.33
76618,Банк «СЛАВИЯ»,https:,2664,Накопи Капитал,https://www.banki.ru/products/deposits/deposit/15472/,10.8,10.8,1000000,,181,181.0,RUB,11.04,False,False,False,False,,,,есть,по ставке до востребования,,,fc378f20dacd0c093292fdc3a1c6ad0d7d231cdf9dbbd8cf20208655c48d6503,b1a7d8febfd65723f4c33cf48fa0d79a2063218298d1d9966a0edc2b55d5054e,True,2026-06-15 18:56:49,,9.05,11.04
8368,Ситибанк,https:,2557,Максимум,https://www.banki.ru/products/deposits/deposit/258/,2.0,2.0,30000,,31,31.0,RUB,2.0,False,True,False,False,,,,нет,по ставке до востребования,,,b76ef5ba58ca8a2377163eb08b448d357003d459c440c981b049fa7476065c08,13d4a17ac3d60b2d6de61530b71d392e98f925c81809a5228a8907dd2bd4d4ad,True,2026-06-15 18:56:49,,2.0,2.0
79625,НБД-Банк,https:,1966,Честный процент (доходный),https://www.banki.ru/products/deposits/deposit/25365/,14.75,14.75,30000,,60,60.0,RUB,14.75,False,True,False,False,,,,нет,на льготных условиях,,,1e693156f9c961ebe9bbdc2803b57672861df20d9233b5b7010a585bbb3135e6,2bc307326d4d3655c680f3c91a200d67b34f2c478a5c38a1444f1b284ac18a3e,True,2026-06-15 18:56:49,,7.2,14.75
191044,Челиндбанк,https:,485,Накопительный счет,https://www.banki.ru/products/deposits/deposit/25627/,6.0,6.0,1,,30,,RUB,6.0,False,True,True,True,,,,по выбору клиента,на льготных условиях,,,780ba98e48c6eac3473a4e5f2cb2622ba6d135fdf03c8438c74d1818265d817c,7f4eacf7a5248bd1d46927db0d6c05c2c5a6ddfca5019c24c6d23f4e52f1a970,True,2026-06-15 18:56:49,,6.0,6.0
100675,Уралфинанс,https:,1370,Пенсионный Плюс,https://www.banki.ru/products/deposits/deposit/2381/,4.93,4.93,1000,,730,730.0,RUB,5.17,False,False,False,True,,,,по выбору клиента,на льготных условиях,,,4e022aa07c20a046b4fef9b6d8e7d1e581f434cfd1317d21ef062ffb738edd7e,0d85fb76ec70f3e3cc113ec62ca1ec0e3b7540ba4ffadaea6e8b766ec7dc80c3,True,2026-06-15 18:56:49,,5.17,5.17
108146,МЕТКОМБАНК,https:,2443,Логика,https://www.banki.ru/products/deposits/deposit/22391/,8.5,8.5,1500,1000000.0,370,370.0,RUB,8.84,False,True,True,True,,,,по выбору клиента,на льготных условиях,,,f39e8fbe490a48dd4371c8c73f4276193b201e47e7df981d425a07bd232cce4d,b572ae5b6f20df29c88a1780d07204d6170a9b11b6d3ed2ad462c3b86a930786,True,2026-06-15 18:56:49,,8.84,8.84
194345,Кетовский Коммерческий Банк,https:,842,Пенсионер,https://www.banki.ru/products/deposits/deposit/6854/,9.0,9.0,100,,1095,1095.0,RUB,10.29,False,False,True,True,,,,есть,на льготных условиях,,,498bc42743597dc5e125114c438f82f94a1d9e0cca875ac12cccd165deec4bcd,b18b2a62d90f605e28f09faad58435c286c35b576ffb83b6bcf3cd383631d2e1,True,2026-06-15 18:56:49,,10.29,10.29
98459,Контур.Банк,https://static4.banki.ru/ugc/18/33/fc/4c/98459.svg,3161,Удобный,https://www.banki.ru/products/deposits/deposit/22525/,11.5,11.5,50000,,370,370.0,RUB,12.14,False,True,True,True,,,,есть,на льготных условиях,,,38c8ed36d84a4ce9df223ec02637078cb8fcefecc0e1b1a65beaa9e14e4de1b2,a59e1d300874296ba33fa9edf89934567b6be31500bb8e2ed40f991696428ace,True,2026-06-15 18:56:49,,12.14,12.14
100671,ПЕРВОУРАЛЬСКБАНК,https:,965,Первоуралец,https://www.banki.ru/products/deposits/deposit/23425/,8.35,8.35,10000,,1095,1095.0,RUB,9.45,False,False,False,False,,,,по выбору клиента,на льготных условиях,,,4df0ad13e981e178ff484ce4fa7e3a33c0bf82ced1a947393869bc824eb2833f,faee1e43c3f59f05ad62a6e10988eb53d72791019a8a847fe370b496f78466d3,True,2026-06-15 18:56:49,,9.45,9.45
194881,Банк «Вятич»,https:,2796,Срочный,https://www.banki.ru/products/deposits/deposit/4597/,2.5,2.5,500000,,181,365.0,RUB,2.5,False,False,False,False,,,,нет,по ставке до востребования,,,ca0b4abeaedcd49c385d0704774deea63007554c1881fd497642d2cf200ae187,178ee49a7244cb048abe6d11ae91cd58eb74834c4550f32adc97b569ce5b173d,True,2026-06-15 18:56:49,,0.5,2.5
9789,НОВИКОМ,https://static3.banki.ru/ugc/4a/2f/14/a3/9789.svg,2546,Рост,https://www.banki.ru/products/deposits/deposit/16175/,12.2,12.2,1000000,,61,180.0,RUB,12.51,False,True,False,True,,,,по выбору клиента,на льготных условиях,,,5ec5ffdddeca4ed237e8cd01c8cd50e837744a0c25950ec92428333c962536d6,2e939b70f735060a358dc1563bd7c2d31fccaeb48b9934192c6745a60308883e,True,2026-06-15 18:56:49,,9.82,12.51
77511,Москва-Сити,https:,3247,Классический,https://www.banki.ru/products/deposits/deposit/19870/,14.25,14.25,5000001,,91,180.0,RUB,14.25,False,False,False,False,,,,нет,по ставке до востребования,,,151df72ffed972f127422f89a73468a07fb799183f2d5ed436107c493486da8f,246d32097a96eb67f84163c7d2e3a5186efd09a96a47556ed9aa4a14e66276bc,True,2026-06-15 18:56:49,,11.55,14.25
125705,Сельмашбанк,https:,106,Перспективный 3,https://www.banki.ru/products/deposits/deposit/18186/,12.0,12.0,200000,,365,365.0,RUB,12.0,False,False,True,True,,,,нет,на льготных условиях,,,bed7bd24760d81c896c08c8426e9c7b7e51d27f04fa024e7d213055d4fd7c69c,38714b3c29d90eba1d316a6e558bf532b9442f2272d47489dbc5b2d071f95eaa,True,2026-06-15 18:56:49,,12.0,12.0
125722,Донкомбанк,https:,492,Управляемый NEW,https://www.banki.ru/products/deposits/deposit/23945/,7.62,7.62,300000,,460,460.0,RUB,7.92,False,False,True,True,,,,по выбору клиента,на льготных условиях,,,08933156b7259d5e94ee6da410959a29f5b11c5a6f08fa315025019762ca1306,c7ee61f40260194f1a888f30f330767fd64005a406bcb5601b4b44add03d08f9,True,2026-06-15 18:56:49,,7.32,7.62
162995,ЮГ-Инвестбанк,https:,2772,Золотой сентябрь,https://www.banki.ru/products/deposits/deposit/25786/,4.43,4.43,10000,,1100,1100.0,RUB,4.43,False,True,False,True,,,,нет,на льготных условиях,,,775c25f3899385b2a4fce7a199c5d0dfaff366fb7064a97843d8589a961520a5,88226ebcc5423030d2ba50c0b6254b64cda636cbc4d2e46746f7eafc862503f3,True,2026-06-15 18:56:49,,4.43,4.43
131265,Таганрогбанк,https:,3136,Пенсионный Плюс,https://www.banki.ru/products/deposits/deposit/2429/,0.5,0.5,100,,1125,1125.0,RUB,0.5,False,False,True,True,,,,есть,на льготных условиях,,,f56588bb62302b4b4fdf69b0d9cc71b2082a8bc6462b4f3676c8788540bcdd66,4e51b6b0afeb4a7d5008e70a34386a87113f20d1d642fbd66a2db1b3e427f3f0,True,2026-06-15 18:56:49,,0.5,0.5
190289,Земкомбанк,https:,574,Пенсия Плюс,https://www.banki.ru/products/deposits/deposit/914/,3.0,3.0,1000,,400,400.0,RUB,3.05,False,False,True,True,,,,есть,по ставке до востребования,,,1c70ae75b68832a9071e294a3234f55883b8b05418820400525132a54ee4b6f2,84958d3a476e432af7b29a07f309df2740ae00046dcc409cdcfdbe155e121d61,True,2026-06-15 18:56:49,,3.05,3.05
131240,Дон-Тексбанк,https:,1818,Срочный депозитный,https://www.banki.ru/products/deposits/deposit/25742/,0.25,0.25,10,,1825,1825.0,RUB,0.25,False,False,True,True,,,,нет,по ставке до востребования,,,68f2751d01da721b358043b4a32879bb9479cb20d0003579752708b36c9108c6,dd4aeed9207eadc92db26a48900fe9dc23300cd42972359950bbeb69b4667f1d,True,2026-06-15 18:56:49,,0.25,0.25
191174,Кубань Кредит,https://static3.banki.ru/ugc/9a/b6/d9/5b/191174.svg,2518,Накопительный,https://www.banki.ru/products/deposits/deposit/24670/,8.25,8.25,3000,,1645,1645.0,RUB,9.95,False,False,False,True,,,,есть,на льготных условиях,,,c1ee911df734b2ece76eaec2d640e9fdbba7f7713d963f444268ef323891863b,ad5fa582a46541fc39565ef5b6b6aec7df01c35c061c5bc50d531acb4b4cbbaa,True,2026-06-15 18:56:49,,9.95,9.95
188785,Газтрансбанк,https:,665,Юбилейный,https://www.banki.ru/products/deposits/deposit/25444/,13.75,13.75,10000,,200,200.0,RUB,13.75,False,False,False,False,,,,нет,по ставке до востребования,,,73167516873dea5b0146502ad1b2d55b5a3b44b3d6946ea99b2aab593fab50c1,99ccae2707d9a47ebefd25f536954806845cf0d16aee5fd39797842c8901b525,True,2026-06-15 18:56:49,,13.75,13.75
191164,Банк «Снежинский»,https:,1376,Спринт,https://www.banki.ru/products/deposits/deposit/4066/,4.8,4.8,10000,,31,31.0,RUB,4.8,False,False,False,False,,,,нет,по ставке до востребования,,,da6a5d8e266d4a7abe2dfd24fd3ab30e1bfbeb9eb0427a781b31026c79b96e4c,084b2f60de6f21a2ee64df92d2010d3f0018d07e28fc2bb71e95f270ef4ceb57,True,2026-06-15 18:56:49,,4.8,4.8
191059,Челябинвестбанк,https:,493,Призовой,https://www.banki.ru/products/deposits/deposit/4055/,12.1,12.1,3000000,,361,361.0,RUB,12.79,False,False,True,True,,,,есть,на льготных условиях,,,0382efafd92e7a317d5ad007b10cc6e7cad270af2d879b54a46b1185b40c0179,ef4cf85310a6d5bac829d8fac41e58c0107e9b5f006e08b6425e454359b326fd,True,2026-06-15 18:56:49,,10.31,12.79
191036,Кредит Урал Банк,https://static2.banki.ru/ugc/9a/6c/39/e3/191036.svg,2584,Пенсионный сберегательный,https://www.banki.ru/products/deposits/deposit/17709/,2.0,2.0,10,,1100,1100.0,RUB,2.06,False,False,True,True,,,,есть,на льготных условиях,,,404abc695e1f0ffbd1d122056a0b27f8e7251951f511cee73a605c61f2a1d88f,6ff1c736a668f031b291becac64524c588f1dc5d3dd7cd5f4e104201a5ad65bc,True,2026-06-15 18:56:49,,2.06,2.06
195245,Костромаселькомбанк,https:,1115,Новый доходный,https://www.banki.ru/products/deposits/deposit/5777/,12.1,12.1,10000,,457,457.0,RUB,12.99,False,False,True,True,,,,есть,по ставке до востребования,,,1fb06d639298169d563ed7c0c0f6e46c28d89c28a00b09be8a2bfd69f5f45822,4f898c521c1d4b4e4cffe5d182c5e0657f152daee07275a039bdbfd28155b4a0,True,2026-06-15 18:56:49,,11.92,12.99
10275,Инвестторгбанк,https:,2763,ИТБ. Пенсионный,https://www.banki.ru/products/deposits/deposit/19480/,5.0,5.0,25000,,367,367.0,RUB,5.12,False,False,True,True,,,,есть,по ставке до востребования,,,2c1dcb5c2380089209366e98d0a321f1fdf93a27e03770760de422cd842b3ea5,d5163ccc10614fa3a43b736e41d45f92d970940419484e9289ab7edf8e46e942,True,2026-06-15 18:56:49,,5.12,5.12
11645236,Банки.ру,https://cdn.banki.ru/cdn/bank/11645236_modern_logo_url.svg,-,Выгодный продукт,https://www.banki.ru/products/deposits/deposit/25176/,10.0,10.0,10000,,31,31.0,RUB,10.0,False,False,False,False,,,,нет,по ставке до востребования,,,2ae3b7411d4811268c7edfb789a0db969b53748a6c4ff5b743ba300e4a037814,4f1146d4587fbfbe83e9c9ef50818b864a61c0addf711cff178dfda0fe7b3aa1,True,2026-06-15 18:56:49,,10.0,10.0
17270,СМЛТ Банк,https:,2846,Самолет Вклад_730,https://www.banki.ru/products/deposits/deposit/25965/,13.0,13.0,500000,10000000.0,730,730.0,RUB,13.0,False,True,False,False,,,,нет,по ставке до востребования,,,e318b3d6fe66f5874c0115aabe8b57869d12819b73321745f4b094d9fdfcf09d,670f170cc1a886f5604fa096d2cd8bb85cb7ec4bd1d48a93bb665b3a7b40dfb8,True,2026-06-15 18:56:49,,13.0,13.0
5306,ПСБ,https://cdn.banki.ru/cdn/bank/5306_modern_logo_url.svg,3251,Акцент на процент,https://www.banki.ru/products/deposits/deposit/21427/,8.0,8.0,1,,30.0,,RUB,8.0,False,True,True,True,,,,по выбору клиента,на льготных условиях,,,d6483a6bbcb1da72f877ea075188a741174b447a5996b1a82c410361c4519b6b,e2a811101143f4c32e1bba6c8696c89f2a4b16774b7f2f30a72223fbfa27d391,True,2026-06-15 18:56:49,,8.0,8.0
325,Альфа-Банк,https://cdn.banki.ru/cdn/bank/325_modern_logo_url.svg,1326,Альфа-Вклад Ключевой Плюс,https://www.banki.ru/products/deposits/deposit/26111/,11.0,11.0,50000,,184.0,184.0,RUB,11.26,False,True,True,True,,,,по выбору клиента,по ставке до востребования,,,ffc6a14e05caac7448494c3d92a2210995de6708bfc911ce827c20f32a87ebb0,55ed86475bdd20a08cd068e500a8a74af69f3d44015413be02bb53c798cef071,True,2026-06-15 18:56:49,,10.59,12.96
80493,Фора-Банк,https://cdn.banki.ru/cdn/bank/80493_modern_logo_url.svg,1885,Комфортный ,https://www.banki.ru/products/deposits/deposit/19364/,6.0,6.0,2000000,,540.0,540.0,RUB,6.0,False,False,True,True,,,,нет,по ставке до востребования,,,42198e22326b9920c74971a4a908a80eec0ee006c34f594772227c6ed2d1a04b,36025b3af087011d33df5ee809dcf83d44485767e1bd7dc6dbc774d086dfd6c3,True,2026-06-15 18:56:49,,6.0,6.0
9259,Абсолют Банк,https://cdn.banki.ru/cdn/bank/9259_modern_logo_url.svg,2306,Турбо,https://www.banki.ru/products/deposits/deposit/24024/,10.75,10.75,10000,,360.0,360.0,RUB,11.18,False,True,False,False,,,,по выбору клиента,на льготных условиях,,,66ec86c22b05fbb9a3a22a464697373aa4e7b15c323b57d6b5ef7b8312e483c1,36ecf13ec767e907c0b96d741ade716cac856ac1b565d820aea4d22be0ccfe57,True,2026-06-15 18:56:49,,11.18,11.18
4725,Россельхозбанк,https://cdn.banki.ru/cdn/bank/4725_modern_logo_url.svg,3349,Накопи на мечту,https://www.banki.ru/products/deposits/deposit/13200/,4.0,4.0,3000,10000000.0,730.0,730.0,RUB,4.16,False,False,False,True,,,,есть,на льготных условиях,,,df8e222924234e7e35b1457369f557cd5d68af24549980720a5762911d354531,18173b22ce2f13af5cd07d1935d5ad7f86e809a853b2f330bbaa396d47f3cad4,True,2026-06-15 18:56:49,,3.46,4.24
322,Сбербанк,https://cdn.banki.ru/cdn/bank/322_modern_logo_url.svg,1481,Лучший % (в конце срока),https://www.banki.ru/products/deposits/deposit/24536/,13.5,13.5,100000,,91.0,91.0,RUB,13.5,False,True,False,False,,,,нет,по ставке до востребования,,,1df047663ea625d0a527e865e9350306cad8f5a18ee6539963b76a5b45f22d29,28e7ada9309bd71b48bb85de0ede310c4038c7eeed534be3c03bd7d9ca29988f,True,2026-06-15 18:56:49,,6.5,13.5
41643,Кредит Европа Банк,https://cdn.banki.ru/cdn/bank/41643_modern_logo_url.svg,3311,Оптимальный,https://www.banki.ru/products/deposits/deposit/24417/,13.0,13.0,100000,,91.0,91.0,RUB,13.0,False,False,False,False,,,,нет,на льготных условиях,,,12fb63e9f2a7037d545596f63ec7194bf1e297f42142011d54086b481e143fee,2a4165cf9c2b368a5f20669828d5141f16f6c244a875049e50b61e613fa2dcdc,True,2026-06-15 18:56:49,,11.0,13.0
5919,Авангард,https:,2879,Базовый (ежемесячно),https://www.banki.ru/products/deposits/deposit/55/,10.0,10.0,30000,,91.0,91.0,RUB,10.0,False,False,False,False,,,,нет,по ставке до востребования,,,7c26982f45d0151fa974eaa0624c4162b88219991032f57cbdd6ded7966300ce,fd4a6cd235eccffec8d1d1f72e522d64a105b11bea74827bec3efa6d08eaa515,True,2026-06-15 18:56:49,,9.0,10.0
195706,Т-Банк,https://static4.banki.ru/ugc/e9/35/db/f0/195706.svg,2673,СмартВклад с повышенной ставкой,https://www.banki.ru/products/deposits/deposit/14907/,14.5,14.5,50000,,30,30.0,RUB,14.5,False,True,True,True,,,,по выбору клиента,по ставке до востребования,,,0a845f9b11c07803db6f54285df4fcc2837bce741b5a2a44bb04e575ee31be93,a2465c91b07d3aaebcfd68f19ce78a00029864fefe56c350a4a6537df0b10f35,True,2026-06-15 18:56:49,,10.93,15.01
124449,Центр-инвест,https://static4.banki.ru/ugc/36/18/e0/10/124449.svg,2225,Накопительный с неснижаемым остатком,https://www.banki.ru/products/deposits/deposit/25141/,5.33,5.33,500000,,1095,1095.0,RUB,5.77,False,False,True,True,,,,по выбору клиента,на льготных условиях,,,878676357c1de679d0c44524179d952636f6c2d0e87b76932b6b475fe852391f,518f6f79c8c4c140d805c27d84e374a5f0721bec6a2e1e7be6e8235a6db94336,True,2026-06-15 18:56:49,,5.77,5.77
189960,Примтеркомбанк,https:,21,На месяц,https://www.banki.ru/products/deposits/deposit/22713/,9.0,9.0,100000,,33,33.0,RUB,9.0,False,False,False,False,,,,нет,по ставке до востребования,,,33b3a82a8ad0cd5aa26e187be5dcf26aaa9164dbc8d087507c8f3cb4ce0d202e,eb9af38e549dbf46863316f424ae94d7b8de2ac844e2b873837245548429e254,True,2026-06-15 18:56:49,,9.0,9.0
191082,Банк «Приморье»,https://static2.banki.ru/ugc/ce/90/74/bc/191082.svg,3001,Максимальный (ежемесячно),https://www.banki.ru/products/deposits/deposit/15113/,10.9,10.9,15000,,91,91.0,RUB,11.0,False,True,False,True,,,,по выбору клиента,по ставке до востребования,,,252749647ea0c06f6af812cb9721fb3fbc4c73ee1c7071204f0fc78621dd62aa,08220235f94cdb19ae7f5f16c79e2043fb81d16495bdceca8ae192f979a52dac,True,2026-06-15 18:56:49,,9.51,11.0
190227,Роял Кредит Банк,https:,783,Роял–Люкс,https://www.banki.ru/products/deposits/deposit/22523/,12.0,12.0,25000,,360,360.0,RUB,12.0,False,False,False,True,,,,нет,по ставке до востребования,,,d24a872e2a72cba44e14dee9b2cacaba745c0136e3f7812cde428b89f880995f,5e083cb1e6fba303e0904e485e404fa80adb2bdb6f17927338dde50189744b7a,True,2026-06-15 18:56:49,,12.0,12.0
192862,Хлынов,https://static4.banki.ru/ugc/22/b9/b7/28/192862.svg,254,Для управления,https://www.banki.ru/products/deposits/deposit/18280/,6.0,6.0,5000,,181,181.0,RUB,6.07,False,True,True,True,,,,есть,по ставке до востребования,,,0a731f88a2d0c395cdf7f2185a96618b8acb120c6ada828f015d2bc2f61155ef,2eab9b34950b13f71b4c1842b955133bd0dfde89d527d268574bcc1902faca9a,True,2026-06-15 18:56:49,,5.18,6.07
191125,Углеметбанк,https:,2997,Удобный,https://www.banki.ru/products/deposits/deposit/5897/,12.0,12.0,5000,,200,200.0,RUB,12.0,False,True,True,True,,,,нет,по ставке до востребования,,,92a199f8cd6ea4eb731d4fa07dfb77daad528329b74899f4997548871443bba8,8aad3971343dde1d683d0dfd63faaed717dbfc0aa61224a5db94beddbc7146d4,True,2026-06-15 18:56:49,,12.0,12.0
189223,Братский АНКБ,https:,1144,Капитал,https://www.banki.ru/products/deposits/deposit/13818/,8.1,8.1,1000000,5000000.0,366,366.0,RUB,8.41,False,False,True,True,,,,по выбору клиента,по ставке до востребования,,,7a67cdf8fb06cfce019d651071d10a740acef770952eff42a324744df208171c,347b25da82bca1a01a78baef756a92348c768ae4336bdda4327f0d64eab7411f,True,2026-06-15 18:56:49,,8.41,8.41
5348,Инго Банк,https://static4.banki.ru/ugc/b4/0c/02/1b/5348.svg,2307,Комфортный (ежемесячно),https://www.banki.ru/products/deposits/deposit/15726/,11.86,11.86,50000,,93,93.0,RUB,11.98,False,True,True,True,,,,по выбору клиента,по ставке до востребования,,,cd751e31f25dc3835263e43f511a3d492d7b54f131be5a2d0776d9edc076328b,a933883defadbeb547b7a1557a33809e6b3ac2ddc9eb04088a3b2c8e64258802,True,2026-06-15 18:56:49,,9.01,11.98
192869,ЕВРОАЛЬЯНС,https:,1781,Срочный,https://www.banki.ru/products/deposits/deposit/6973/,1.51,1.51,1000,,31,31.0,RUB,1.51,False,False,False,False,,,,нет,по ставке до востребования,,,fe988274bcfb14da37289c1373ca618153f4b74242796f054c907346af695641,9f49097e54d04a0cde4253087903220399cf806a95b41d56166b939168bd40fd,True,2026-06-15 18:56:49,,1.51,1.51
195635,БАНК НБС,https:,1949,Вклад в будущее,https://www.banki.ru/products/deposits/deposit/24693/,7.5,7.5,500000,1500000.0,1098,1098.0,RUB,7.5,False,False,True,True,,,,нет,на льготных условиях,,,d63901af47487a4a3c8f55167c7c32a7b388a196773bc5b41738a47562bba4cb,22400d081d092c7969b9425745574a3ad245677dc42170cbe2f8c98f466b4e72,True,2026-06-15 18:56:49,,7.5,7.5
194275,Почта Банк,https://static4.banki.ru/ugc/8c/a7/56/ab/194275.svg,650,Горячий сезон,https://www.banki.ru/products/deposits/deposit/21504/,13.6,13.6,10000,,61,61.0,RUB,13.6,False,True,False,False,,,,нет,по ставке до востребования,,,d7053852bc891fcf7b4a64ea9a2437ff064a0cfa0d1b6ef5c32b444ef3dbbdaf,671a19c76fcd3098949e75afd042d8f4eb198fb29d30b2ca1074538e7c2e8d7b,True,2026-06-15 18:56:49,,13.6,13.6
351,Русский Стандарт,https://static4.banki.ru/ugc/65/bc/42/3f/351.svg,2289,Новый доход,https://www.banki.ru/products/deposits/deposit/22349/,16.2,16.2,1500000,,95,95.0,RUB,16.2,False,True,False,False,,,,нет,по ставке до востребования,,,a106ea05f3a7086dab9b4001ea2e757dc6d99303c9d06e9e54832b92f580a535,5ef6779f9a6f242626e9469bcf228c7e931b3a47b012260f8c2b80b043c67106,True,2026-06-15 18:56:49,,15.0,16.2
96003,Банк Синара,https://cdn.banki.ru/cdn/bank/96003_modern_logo_url.svg,705,Активный счёт! (ежемесячно с капитализацией),https://www.banki.ru/products/deposits/deposit/26023/,2.03,2.03,1000000,,1080.0,1080.0,RUB,2.09,False,True,True,True,,,,есть,на льготных условиях,,,83796b9d68a1a3f9c08defa63058bcb5abb88e6959b17039eb39b76fd73e049d,86dd2596d5f18e4ed407e329a31117511e21d374a42423740f8a8ee75491e0a6,True,2026-06-15 18:56:49,,1.88,2.09
17111,Банк Финсервис,https:,3388,Удобный плюс,https://www.banki.ru/products/deposits/deposit/682/,11.1,11.1,1000001,,93.0,93.0,RUB,11.21,False,False,False,True,,,,по выбору клиента,по ставке до востребования,,,789be74a47fb3864eb8c92444d96aecdccdd211756ccb7dd937f20d4e2cd5bc2,24f0aa5655a6b29bd422f01ac31db71cdcb6e9f1083e9585bc7cf006bc124eb6,True,2026-06-15 18:56:49,,4.98,11.21
16903,Банк Национальный стандарт,https://cdn.banki.ru/cdn/bank/16903_modern_logo_url.svg,3421,Здоровый стандарт,https://www.banki.ru/products/deposits/deposit/20819/,9.0,9.0,15000,,550.0,550.0,RUB,9.6,False,False,False,False,,,,есть,по ставке до востребования,,,c9221161e79b248d45863602fa25ee7f97021afaf23b9286a98cc03647b1702e,be287f402ff09ef3ca6cf0ee525963f52abd2f92065b45f164d722e3c576699b,True,2026-06-15 18:56:49,,9.6,9.6
17266,Ренессанс Банк,https://cdn.banki.ru/cdn/bank/17266_modern_logo_url.svg,3354,РенКопилка,https://www.banki.ru/products/deposits/deposit/24310/,13.0,13.0,1,,30.0,91.0,RUB,13.0,False,True,True,True,,,,по выбору клиента,на льготных условиях,,,12effe81815b720722a3fb4c1971057e18aa8021536481a095b67a593be7ac13,27cb4e37cac6e43f10cccf71df759cba786e19154cca83e79cddbf013825a77c,True,2026-06-15 18:56:49,,11.75,13.0
190303,БКС Банк,https://cdn.banki.ru/cdn/bank/190303_modern_logo_url.svg,101,Накопительный счет,https://www.banki.ru/products/deposits/deposit/25036/,10.0,10.0,1,,30.0,,RUB,10.0,False,False,True,True,,,,нет,на льготных условиях,,,e5c5efe82e066f819778d370b0cbd5ec9d0098d70ceea160bb5f1ae8e61f6dda,b2927bd66d226865a98998e5d36afb7430b45d3cbca85e090aeae2e6318c2e2d,True,2026-06-15 18:56:49,,10.0,10.0
152898,Мир Бизнес Банк,https:,3396,Удобный,https://www.banki.ru/products/deposits/deposit/20806/,6.5,6.5,30000,10000000.0,365.0,365.0,RUB,6.7,False,True,True,True,,,,есть,на льготных условиях,,,95a505a3a63c7ff57887c66c4ad65e7657039ef2e3f2c2fc411a81e204de1446,4f3fe5ef0c0cc079c381a61dce5b83848f7b446ba9dee029acef1d0751175cf8,True,2026-06-15 18:56:49,,6.07,6.7
196018,ЕАТП Банк,https:,1765,Универсальный,https://www.banki.ru/products/deposits/deposit/6699/,6.0,6.0,50000,,365.0,365.0,RUB,6.0,False,False,False,True,,,,нет,по ставке до востребования,,,008d081c2a78ac87cf8a3ac1ba3f89025ac4dc58d06dbae088170e6393b44a6b,807c38efb11c0be449d45f738d6784a5cff5a06daca6d3d2994a10038bdb531a,True,2026-06-15 18:56:49,,6.0,6.0
191137,Форштадт,https:,2208,Управляй,https://www.banki.ru/products/deposits/deposit/11912/,12.8,12.8,3000001,30000000.0,91,91.0,RUB,12.8,False,False,True,True,,,,нет,по ставке до востребования,,,babdeb88f2cc6d8363cef8748dc84ecb48e425332b09217240e2db06f02dedc1,2e4c7146439bf3eb8400cfe1586b8dbece2a349c817da2bc4a8ce6ea0f17f57a,True,2026-06-15 18:56:49,,10.6,12.8
190722,Классик Эконом Банк,https:,3298,Пенсионный,https://www.banki.ru/products/deposits/deposit/25739/,4.5,4.5,100001,,91,180.0,RUB,4.5,False,False,True,True,,,,нет,на льготных условиях,,,aa7333710a8780e8772a653058aa826e039eb8ed79f52ebdeea3fbcb1d5b5136,c68784e789b62e9fb3f821b85e637cf776a1a699c6d169980ec094c194998812,True,2026-06-15 18:56:49,,3.0,4.5
191189,Прио-Внешторгбанк,https:,212,Перспектива Плюс,https://www.banki.ru/products/deposits/deposit/23842/,6.83,6.83,10000,,1095,1095.0,RUB,7.31,False,False,False,True,,,,по выбору клиента,на льготных условиях,,,891942d5381b592b19f8139a681aca115020519a5357909d22aab85c24f4cc5c,64c4df2001b286dbf1060ecdd85f24dc77c75761631d5a934e7bc86fe4dc5f25,True,2026-06-15 18:56:49,,7.31,7.31
195975,ТелеПорт Банк,https:,1052,Профи,https://www.banki.ru/products/deposits/deposit/19764/,7.5,7.5,1400000,15000000.0,182,182.0,RUB,7.62,False,False,True,True,,,,по выбору клиента,по ставке до востребования,,,81a9eff796a4db5900d70cb6c98a4b190dd1957d53105acc82c47c058d326342,e0bbce9cd80d921a8e3430f1abeb1a060c1fc60cd2567bf8ca39b4c1791895f1,True,2026-06-15 18:56:49,,6.72,7.62
191101,Тольяттихимбанк,https:,2507,Пенсионный забота,https://www.banki.ru/products/deposits/deposit/625/,11.5,11.5,30000,,365,365.0,RUB,11.5,False,False,False,False,,,,нет,по ставке до востребования,,,ad519aa4d54c1f8ccd2825e8cdba915cc1bd822a3eea46abdae3204106aa7669,3c308175a593c67444f6cd78d54a58f754e63dc81b335161c54508c8fc3ba79b,True,2026-06-15 18:56:49,,11.5,11.5
193319,Земский банк,https:,2900,Гарант,https://www.banki.ru/products/deposits/deposit/25515/,10.0,10.0,10000,,555,555.0,RUB,10.0,False,False,False,False,,,,нет,на льготных условиях,,,e000e8caade81775889162283900eab9d7f0f5a120cabf0eb42608a49449f345,86723ff51d96ab9b8163d1a601a8469c24dc6ac5a0f9df11f0f42644391164d4,True,2026-06-15 18:56:49,,10.0,10.0
191007,Банк «Солидарность»,https://static4.banki.ru/ugc/80/c9/46/ce/191007.svg,554,Солидарность. Доходный,https://www.banki.ru/products/deposits/deposit/23359/,12.0,12.0,25000,,450,450.0,RUB,12.0,False,True,True,True,,,,нет,на льготных условиях,,,812412222f1d3f756ea36d2978368e4842b567c4c2200daf2a4baad5046dd835,f489da61708db2536d298a8e526fbd1fdd432e4e17079d20e7cf2f40625a5f4c,True,2026-06-15 18:56:49,,12.0,12.0
196721,Агророс Банк,https://static2.banki.ru/ugc/a6/6c/08/c5/196721.svg,2860,Копилка,https://www.banki.ru/products/deposits/deposit/25467/,1.0,1.0,1,1000000.0,30,61.0,RUB,1.0,False,True,True,True,,,,по выбору клиента,на льготных условиях,,,b05714f3366018471cfb647279d5a67ba658b31de1e4b22bc975b393a827b313,f1f00a7d3a3ed4dad39de04f6968faa1481276bdf7eb42db976ee27d381dc84f,True,2026-06-15 18:56:49,,0.01,1.0
79904,КОШЕЛЕВ-БАНК,https:,3300,Народный 91,https://www.banki.ru/products/deposits/deposit/22956/,5.43,5.43,5000,,2200,2200.0,RUB,5.43,False,True,False,False,,,,нет,на льготных условиях,,,b487af3b29f858892d955f655323554fe8cc1a6c16d50ee7ce42ff17ee66d288,037bbf01f149cede221d3ce6ac62030e918d0a56743b385482dfb06007a00382,True,2026-06-15 18:56:49,,5.43,5.43
193389,Долинск,https:,857,Ярче! Вклад,https://www.banki.ru/products/deposits/deposit/23917/,11.5,11.5,100000,,181,181.0,RUB,11.78,False,True,False,True,,,,по выбору клиента,на льготных условиях,,,e804fde83f7253fe7533588faf56d1388c111d95341de53cd0e462503e015cb5,c6f48c9ff21f06abb765ddcab451611a5c62eabcffec50765e012ff2a66e2bbf,True,2026-06-15 18:56:49,,10.47,11.78
192001,Саммит Банк,https:,85,Интересный,https://www.banki.ru/products/deposits/deposit/13686/,8.0,8.0,2000,,370,370.0,RUB,8.3,False,False,True,True,,,,по выбору клиента,по ставке до востребования,,,0946180a9d864431f66f9f10421cbd36e1a314e7b59605bfbc747af389324bb9,27663175f60dadcac6bf4c527541a3eb0c1b72fd2fa170de90bfe70213b832bb,True,2026-06-15 18:56:49,,8.3,8.3
194350,Байкалкредобанк,https:,2990,Универсальный,https://www.banki.ru/products/deposits/deposit/4791/,8.5,8.5,100000,5000000.0,1091,1091.0,RUB,8.5,False,False,True,True,,,,нет,по ставке до востребования,,,6a33b8c71c081ba959c8827ac82e395e9a90260da0e00818acc5c1677a1c8cf7,6240a30cde8ac4d083704f4b057982c1b37a802aec489b1a6d2b42e4a1672954,True,2026-06-15 18:56:49,,5.5,8.5
12453,ГЕНБАНК,https:,2490,Копилка,https://www.banki.ru/products/deposits/deposit/25535/,9.0,9.0,1,,30,,RUB,9.0,False,False,True,True,,,,по выбору клиента,на льготных условиях,,,e709761a08e629627593ad8f07c678f00744a9dd627136423203486f53b0d071,f5408091f526ae55fcf601774bbfaeb49db8d925b982bdd932cdd848f44f8ddb,True,2026-06-15 18:56:49,,9.0,9.0
188824,Внешфинбанк,https:,3173,Оптимальный плюс,https://www.banki.ru/products/deposits/deposit/22555/,7.0,7.0,20000,1400000.0,500,500.0,RUB,7.0,False,False,True,True,,,,нет,на льготных условиях,,,0487615603acd1bdf68850d280e33835a5bdd2bf1bda8a0deb1e91ab1dca2371,d252f95b629c9f73f90c45d852b089df48e7dd07cb52e2fa25e919a6f15b2e84,True,2026-06-15 18:56:49,,7.0,7.0
4045,ЮниКредит Банк,https://static2.banki.ru/ugc/a6/91/0b/f5/4045.svg,1,Prime,https://www.banki.ru/products/deposits/deposit/11773/,0.01,0.01,50000,15000000.0,91,91.0,RUB,0.01,False,False,False,False,,,,по выбору клиента,по ставке до востребования,,,6c11e1834adb44831fe1d5e0debcd65e421100023767a1ea736ccfe274703d0c,7a385febadd8c4e7f65ecb63fb6c79d037cb7017194d468b9f6e172b8b2e1812,True,2026-06-15 18:56:49,,0.01,0.01
195684,Кубаньторгбанк,https:,478,Сберегательный,https://www.banki.ru/products/deposits/deposit/15114/,15.8,15.8,50000,300000000.0,61,61.0,RUB,15.8,False,True,False,False,,,,нет,по ставке до востребования,,,6eff24823405d1bb6df1e609916b2433b425ae2f1af2884bfb7516dc1cc4e7c5,2af2f8139d08ad2b882507314ffa09a4f8b77e84fd31db7bdbe88e7787f9ec6e,True,2026-06-15 18:56:49,,12.0,15.8
76620,Совкомбанк,https://static4.banki.ru/ugc/fa/77/10/4d/76620.svg,963,Зимняя выгода,https://www.banki.ru/products/deposits/deposit/25762/,15.5,15.5,50000,,90,90.0,RUB,15.5,False,True,False,True,,,,нет,по ставке до востребования,,,0e1addeff81d2d508337f5dae66cb3f97f55b7780327255fa7f685ac7fb99e0b,7918aa6470c2060c06aaefa07d845b11299e8ffb45ab21578d2542528ef39503,True,2026-06-15 18:56:49,,13.0,15.5
63520,Уралсиб,https://cdn.banki.ru/cdn/bank/63520_modern_logo_url.svg,30,Накопительный счет,https://www.banki.ru/products/deposits/deposit/22203/,11.0,11.0,1000000,,30.0,,RUB,11.0,False,True,True,True,,,,по выбору клиента,на льготных условиях,,,7e34479ab3a13362a5c531d93fcf56bfc838496a020605074d4d632f5d512da7,10794c835d9a4435a1a0e84467b650c0eada1df1ae80b673542339e66f43074f,True,2026-06-15 18:56:49,,11.0,11.0
191048,СЕВЕРГАЗБАНК,https:,2816,Всегда в плюсе,https://www.banki.ru/products/deposits/deposit/26027/,13.0,13.0,50000,,91.0,120.0,RUB,13.21,False,False,False,False,,,,по выбору клиента,по ставке до востребования,,,ca056d5658284ab4a3a4540c56f5cb7e8f0ff87cd90dfe54bfec9b82edb1b629,e0f99b2555bd5e4dea733b7dcad62f33b28f79e3d9d301055fae12b6a9c8c0f1,True,2026-06-15 18:56:49,,9.64,13.21
189914,Цифра банк,https://cdn.banki.ru/cdn/bank/189914_modern_logo_url.svg,1143,Цифра счет (на ежедневный остаток),https://www.banki.ru/products/deposits/deposit/25530/,8.0,8.0,1,,30.0,,RUB,8.0,False,True,True,True,,,,по выбору клиента,на льготных условиях,,,443874e05b345890f050ebcd19bf84fe8d33f62a392dba6178f26c1d8b84f802,ddfead0351eb2a3d0ba62180571c9411f95a1e47f6b2322066947cf7e0b8f918,True,2026-06-15 18:56:49,,8.0,8.0
190143,Банк «Вологжанин»,https:,1896,Для накопления,https://www.banki.ru/products/deposits/deposit/9222/,6.8,6.8,5000,,730.0,730.0,RUB,7.26,False,True,False,True,,,,по выбору клиента,на льготных условиях,,,4e245db02801d2e82cdd5759dcf1a3cfd6f407e9adf87da606b9c0ba42580474,4f7baef2e943f6aadb799dc23a9e5adeea958f8db8e9e36f11bd11a71b93a2cd,True,2026-06-15 18:56:49,,4.01,7.26
189311,Банк Пермь,https:,875,Оперативный,https://www.banki.ru/products/deposits/deposit/15690/,2.3,2.3,3000000,,31,60.0,RUB,2.3,False,False,False,False,,,,нет,по ставке до востребования,,,0a280cf0514d5e915cb81253f061c148950fe2da39c8a8bd7bfdc07e8f36e9c8,31b7162c1dd18b26f41878328f4d804cbb6ac6699e8c65a9302e11b3009a60ab,True,2026-06-15 18:56:49,,,2.3
189319,Почтобанк,https:,1788,Выгодный процент,https://www.banki.ru/products/deposits/deposit/24026/,11.5,11.5,500000,,367,367.0,RUB,11.5,False,False,False,False,,,,нет,по ставке до востребования,,,d5a144764c8ee1710a9415997b125e3ca2566e1e825fadc95d9c4e04a19a15e4,b07662fb28f8a11d5b27436029969dd1b5114b0a144256c16518b595f8bd4438,True,2026-06-15 18:56:49,,11.5,11.5
192803,Банк «Заречье»,https:,817,Классический,https://www.banki.ru/products/deposits/deposit/20612/,12.0,12.0,100000,,370,370.0,RUB,12.0,False,False,False,False,,,,нет,на льготных условиях,,,b2ea1a8c562b5f123214ea10dbc21eed00aa0e0ccf3db271c69f9fb24e0d264b,c883972ce7e606a75d04c182fa67f75717397858a66bf0aa38e8eef9be40c2c4,True,2026-06-15 18:56:49,,12.0,12.0
194873,Банк «Новый век»,https:,3417,Эффект,https://www.banki.ru/products/deposits/deposit/25336/,12.5,12.5,5000001,,181,181.0,RUB,12.5,False,True,False,True,,,,нет,по ставке до востребования,,,0a1d54b15bbe9ecafd87d5402290cd35efa04cdd4ea4ca509d1d16d5cea33ef0,9512469f16d7809c6bdcd86f576e40df2dd3b49e12dc454077b52bb780d22bcb,True,2026-06-15 18:56:49,,11.0,12.5
17164,Нацинвестпромбанк,https:,3077,Правильный расчет,https://www.banki.ru/products/deposits/deposit/19828/,10.0,10.0,10000001,,367,367.0,RUB,10.0,False,False,True,True,,,,нет,по ставке до востребования,,,3271b7d57a13822079bb5d53803c8baf22143b3dbe0d041c16287a7211b7cf61,7bc090a578f610d6323be4330d67c66a07b870b9c7fc425158f7294e590745c0,True,2026-06-15 18:56:49,,9.0,10.0
4374,Еврофинанс Моснарбанк,https:,2402,Привилегия,https://www.banki.ru/products/deposits/deposit/19520/,10.0,10.0,5000000,,182,182.0,RUB,10.0,False,False,True,True,,,,нет,по ставке до востребования,,,602e02e2223be329713d2f77b3b408331f1f3410b7c6aa4c201fb06f1f713d14,668f39c09eef6cd38e0bbd4e31d9510c995af4cabde09f11f0b393e257534f70,True,2026-06-15 18:56:49,,6.5,10.0
4305,Национальный Резервный Банк,https:,2170,Капитал – управляемый,https://www.banki.ru/products/deposits/deposit/24505/,14.8,14.8,100000000,,91,91.0,RUB,14.98,False,True,True,True,,,,по выбору клиента,по ставке до востребования,,,5836a170afd2251de6b9b513025b63b098c7424769e1b10f2ffd45f07a480990,8b8024a56ca366e7dfe8acdc2226c629452973f4ff236b5beabc3ac014ddbe7a,True,2026-06-15 18:56:49,,5.8,14.98
188229,Инбанк,https:,1829,Комфортный,https://www.banki.ru/products/deposits/deposit/25809/,14.5,14.5,100000000,,31,31.0,RUB,14.5,False,True,True,True,,,,по выбору клиента,по ставке до востребования,,,7f26b5e6d5e714cfaf8517d46d7ed480d9df18e4da9fb6acad2e277a360868cc,5ab023b05228d87b7bfe35eba0a81b3fee6d35f8a2916bf87311071f09fa2aea,True,2026-06-15 18:56:49,,5.3,14.68
68768,Александровский,https:,53,Перспектива,https://www.banki.ru/products/deposits/deposit/15642/,3.2,3.2,5000,,91,91.0,RUB,3.21,False,True,False,True,,,,по выбору клиента,по ставке до востребования,,,f21702f02b522a4485fe0f896392101f332a5ed270e51e1375c0d6e6fefd3972,44c5b443dbcfd7f74a5c176a3cab68f90c46f8022068fd32fdcc41834de7b268,True,2026-06-15 18:56:49,,2.84,3.25
9954,Алеф-Банк,https:,2119,Верность традициям,https://www.banki.ru/products/deposits/deposit/9506/,13.0,13.0,100000,,183,183.0,RUB,13.36,False,False,True,True,,,,есть,по ставке до востребования,,,8c26d1598e9ae82efbbad0b8cf5df80bfeaed31d7eab5a10f5d0363bd8f27c27,94f61cf4da5bba51ef1de7bfcc8820288e9db135744bfb4d891341fb0560753f,True,2026-06-15 18:56:49,,9.92,13.36
195532,Далена Банк,https:,1948,Комфортный,https://www.banki.ru/products/deposits/deposit/16163/,12.25,12.25,5000000,,91,180.0,RUB,12.25,False,False,True,True,,,,нет,по ставке до востребования,,,03022a5a700ee4e490df85ad4bc4737fd8e051d0fe7cac5a3274ea7ee364c81b,b95788254e09c6ebf60f0c1d0862c0cb393b068cbd50a167636e2d61389406ed,True,2026-06-15 18:56:49,,7.75,12.25
194017,Крокус-Банк,https:,2682,Быстрый доход,https://www.banki.ru/products/deposits/deposit/23626/,15.05,15.05,1400000,,180,180.0,RUB,15.05,False,False,False,False,,,,нет,по ставке до востребования,,,82792f61612dd4eb3e1175aa83567a7d5af14a6b97fe19bd3b29df82f3bef60c,6a3deacf3a1e667f4766ce0828b924067e0da736d8dbfd3598b5de25228cf197,True,2026-06-15 18:56:49,,15.0,15.05
190985,Сургутнефтегазбанк,https:,588,Моя копилка,https://www.banki.ru/products/deposits/deposit/25695/,10.0,10.0,50000,,31,31.0,RUB,10.0,False,True,True,True,,,,по выбору клиента,по ставке до востребования,,,a32aaac8680fc4b85c807471dafb41371dca72b0ceb25b44b980253a01b816fd,08edfe93c723a8c4b9d67ec9e578064306da41ca9495f967e2d4c9fb97e74ce4,True,2026-06-15 18:56:49,,10.0,10.0
187062,банк Раунд,https:,2506,Доходный,https://www.banki.ru/products/deposits/deposit/23507/,13.5,13.5,3000000,,30,90.0,RUB,13.65,False,True,True,True,,,,по выбору клиента,по ставке до востребования,,,89bed81b4056d96ec993200d924ca8ab511e2f21cda7e1d08a4e3f900be9c098,261f5268c261d25ee135268cf8f0f2f644433abd65651968714cba5720a78492,True,2026-06-15 18:56:49,,8.3,13.65
6208,Банк «ЦентроКредит»,https:,121,Стандартный,https://www.banki.ru/products/deposits/deposit/19934/,3.5,3.5,250000,,370,370.0,RUB,3.5,False,False,False,True,,,,нет,по ставке до востребования,,,4467f55992d7fee4c83f4958b6b261a271ab14abff86816451defccf0b5a10d5,226d3eedd136f25c40f49040b824f562805db7fd61e7a8fe421fc4041867b9e3,True,2026-06-15 18:56:49,,2.0,3.5
17214,Капитал,https:,575,Выгодный,https://www.banki.ru/products/deposits/deposit/25117/,14.5,14.5,500000,10000000.0,91,91.0,RUB,14.5,False,False,False,False,,,,нет,по ставке до востребования,,,53658ac36c1b7f62a01baa52a719598f0b03c694cf8156667755d3980d281b56,bbc5585a588b003d52c7ecccfeb2c97c1bdfef65acaf9b363b86b3fc4036cbc5,True,2026-06-15 18:56:49,,11.5,14.5
189269,Банк «Соколовcкий»,https:,2830,Срочный (ежемесячно),https://www.banki.ru/products/deposits/deposit/19906/,12.0,12.0,1000000,,180,180.0,RUB,12.0,False,False,False,False,,,,нет,по ставке до востребования,,,3d80f31d334cb7c62c58eb9e0390afd850974aa5fcab69f4672307b260241432,05a52d43faab75c6dcd686fc33507a8eeb48c79dbfa91ee5968b4867ea5eda07,True,2026-06-15 18:56:49,,12.0,12.0
194288,Зираат Банк,https:,2559,Срочный,https://www.banki.ru/products/deposits/deposit/19862/,15.25,15.25,500000,,91,91.0,RUB,15.25,False,False,False,False,,,,нет,по ставке до востребования,,,465cb7ff83e86017c477edf0424f42381521fb46c21ed478f48949fcc672a932,d6e0fe20e1112cfa0f9d9e20854210671724eb97184ec4657f492ea8dfb46e2d,True,2026-06-15 18:56:49,,4.0,15.25
189266,ИК Банк,https:,1732,Накопительный,https://www.banki.ru/products/deposits/deposit/420/,5.0,5.0,100000,,102,102.0,RUB,5.02,False,False,False,True,,,,есть,по ставке до востребования,,,eb1fa9271734047ac7b324fe943727ad612edc674f1078adec0cb2c123ac25ce,5e1874770970d29695ab0737a26ec1ecfb98e270226b57ccb518ef18806b7e35,True,2026-06-15 18:56:49,,4.52,5.02
68753,Банк «ПСКБ»,https:,2551,Накопительный Люкс,https://www.banki.ru/products/deposits/deposit/582/,13.0,13.0,700000,,31,90.0,RUB,13.0,False,False,True,True,,,,нет,по ставке до востребования,,,e2d2eec613608fe27788084734b3eedab3a32f0cc9a6f6dc52affd3437428d11,303a6c6ad261179cd6b07ab4ac745c95235aec61d3453f452f75709fa6e2ff6b,True,2026-06-15 18:56:49,,11.0,13.0
191070,Урал ФД,https:,249,Сберегательный,https://www.banki.ru/products/deposits/deposit/25892/,15.0,15.0,10000,,1830,1830.0,RUB,21.79,False,False,False,True,,,,по выбору клиента,по ставке до востребования,,,56da247d0e1c065a32828e0ac585bb852a9e95ab4c92cc7a4bb13a7d453f7b0a,d489e3a23b3a0f33674202b7283f3aa2fda26c6ea22929a53f84b4839cd8b80f,True,2026-06-15 18:56:49,,21.79,21.79
194030,Россита-Банк,https:,3257,Удобный,https://www.banki.ru/products/deposits/deposit/25805/,13.5,13.5,5000000,,30,365.0,RUB,14.37,False,False,True,True,,,,по выбору клиента,по ставке до востребования,,,61cea82a17352e21ede06bf73e7b041e75465b9f1a6c0cdb63622cc622172bcd,7b3f4f1cca0b14ec2119a613792979959d3029c2b66411d5cf920a36f84ee11b,True,2026-06-15 18:56:49,,13.8,14.37
190450,Банк «АГОРА»,https:,3231,Отпускной,https://www.banki.ru/products/deposits/deposit/25628/,14.0,14.0,1,,30,,RUB,14.0,False,False,True,True,,,,по выбору клиента,на льготных условиях,,,3296e306ca81e5fa614f525bf469b61d7e082ff52fcc4e5cbe6d1a9ac113c55d,3496ea280ceb9e73154e052522da45e94fc4d96b079835a03e38feded8314a48,True,2026-06-15 18:56:49,,14.0,14.0
191376,Банк РСИ,https:,3415,Премиум Новый,https://www.banki.ru/products/deposits/deposit/22842/,14.0,14.0,10000,,1,30.0,RUB,14.0,False,False,False,True,,,,нет,по ставке до востребования,,,48976af42a1b5792aed1c99038f4233f859d17e18d4fab56b4ed53e7e338c063,be7294016e5fbaea65737386682b6aca4556631e7a3222550a499a4aa3549d43,True,2026-06-15 18:56:49,,14.0,14.0
4272,Развитие-Столица,https:,3013,Развитие-Столица — Оптимум,https://www.banki.ru/products/deposits/deposit/22981/,13.5,13.5,500000,,31,31.0,RUB,13.5,False,False,True,True,,,,нет,по ставке до востребования,,,cbc7c5e9b0d186c756572b2df662eac666c4a79c6cb7654625b715a55962eb23,f1287e32725b8d97e4527e8751e7de404746c2f08064d91f8058947cf9d34519,True,2026-06-15 18:56:49,,13.5,13.5
190363,СИНКО-БАНК,https:,2838,Сбережения,https://www.banki.ru/products/deposits/deposit/19732/,14.25,14.25,1000000,,90,90.0,RUB,14.42,False,True,False,True,,,,по выбору клиента,по ставке до востребования,,,417d4ef464469b0950186a03aa4205757f1dcd443fa58abd5e5de811ad75a910,5c10f8243df78206cc6a35296cdda1ff1022fd6a41a527af5c278ede98d6ff67,True,2026-06-15 18:56:49,,8.64,14.42
191374,Банк Глобус,https:,2438,Накопительный (ежемесячно),https://www.banki.ru/products/deposits/deposit/21767/,10.48,10.48,30000,,370,370.0,RUB,10.48,False,True,False,True,,,,нет,по ставке до востребования,,,bcb823a5b246f51cf196fd92cb8b8da2a81d5bd76918a0b43ee2e06ad72d9835,cbd5ffb381fd3951e396c88ea6d510c9e27d4ff4544b5fb8200031f83948ec8a,True,2026-06-15 18:56:49,,9.54,10.48
77489,Банк «Столичный Кредит»,https:,2853,Пенсионный,https://www.banki.ru/products/deposits/deposit/19670/,4.2,4.2,30000,,181,367.0,RUB,4.28,False,False,True,True,,,,по выбору клиента,по ставке до востребования,,,c50634992806a72745d5ead8f8ff4b32822b67011a5862e18e5a78849ed70dcb,30484efde536f40b1a5932fab25cf0595f66c66196acbbe5ab9964c0de29f099,True,2026-06-15 18:56:49,,3.93,4.28
189296,Банк РМП,https:,2574,Универсальный+,https://www.banki.ru/products/deposits/deposit/21783/,13.5,13.5,1000000,,91,180.0,RUB,13.5,False,True,True,True,,,,нет,на льготных условиях,,,7be46bff3435af0c34cf710ee25945a9f0fa2067cc5efd958ef07460548847d8,a9e17f4dcc5dd5192c42d4e5cf4fab20c5ada8256ce01a25474b4fbb83d4eda4,True,2026-06-15 18:56:49,,11.5,13.5
77509,МОСКОМБАНК,https:,3172,Срочный,https://www.banki.ru/products/deposits/deposit/21677/,14.5,14.5,3000000,,31,31.0,RUB,14.5,False,True,False,False,,,,нет,по ставке до востребования,,,203e61732f310489a4b06ee19e34ca6aa4111b8a0f85214a211f3cfd3a66da63,b0a9891fbbf8f68c557d7384b1348b5f36ac5b901c0ed65ec0f7b455e3c12410,True,2026-06-15 18:56:49,,10.0,14.5
188469,СОЦИУМ-БАНК,https:,2881,Комфорт,https://www.banki.ru/products/deposits/deposit/19766/,13.3,13.3,1500000,,185,272.0,RUB,13.3,False,True,True,True,,,,нет,по ставке до востребования,,,0fd3593cd23337e29f8151167cd8ce41a2241d6c9cf927a7650febe998914e95,76aecc0d212a93e6867918bb5ffb022a205843eadb73a43e653d587c59f5e41d,True,2026-06-15 18:56:49,,11.0,13.3
189900,ПроБанк,https:,3296,Накопительный счет,https://www.banki.ru/products/deposits/deposit/25377/,9.0,9.0,1,,30,,RUB,9.0,False,False,True,True,,,,по выбору клиента,на льготных условиях,,,a978aac1389b6f95470c2df5e5f0d327c5bb0f90389bb6d5a95bcd69b97f5da5,d913053c96b05b6dd145161b5fb0497c0df532ea78464205e956e292bc119987,True,2026-06-15 18:56:49,,9.0,9.0
11830,НК Банк,https:,2755,Срочный,https://www.banki.ru/products/deposits/deposit/19772/,14.25,14.25,10000001,,367,545.0,RUB,14.25,False,False,False,False,,,,нет,на льготных условиях,,,78479a10e1233d4f7aa92c1bd06e4cc428cb61526981ba64999ab719b4dfe54d,9052269291508e20e0d2756c6f6e3113737692109fbcf85c71a2cf241aff8f15,True,2026-06-15 18:56:49,,,14.25
16957,ПЕРЕСВЕТ,https:,2110,Инвестиционный,https://www.banki.ru/products/deposits/deposit/22760/,12.15,12.15,3000001,,181,365.0,RUB,12.85,False,False,False,False,,,,по выбору клиента,по ставке до востребования,,,1746134d8907c59a3d5d22219594bc877bb59921d5b37bb8a4dd02709942715b,b5a4f49b2076c261788b914ed985dc73e94bcb5f48b5a2d505169dca90b9aca1,True,2026-06-15 18:56:49,,10.96,12.85
189909,ТАТСОЦБАНК,https:,480,Новый пенсионный,https://www.banki.ru/products/deposits/deposit/14466/,4.5,4.5,100,,360,360.0,RUB,4.59,False,False,True,True,,,,по выбору клиента,на льготных условиях,,,39aa987fd950e986f075b2db39b044ad31c610ec71c6b8c19b446d5a46988cea,34276d68ae8d8932bc15849d940bb303fd8101d965353c048e693dca7dec2f0c,True,2026-06-15 18:56:49,,4.59,4.59
195551,БАНК КОСМОС,https:,2245,Комета,https://www.banki.ru/products/deposits/deposit/19911/,10.0,10.0,30000,,31,31.0,RUB,10.0,False,False,False,True,,,,нет,по ставке до востребования,,,05f2bf9bdf5e95823782da0066ca30bb5916c6f57acbd8d81cf3a7e59909dcff,ab5dd28cae4499dda84e833c3dbad9b92e7318c33cb43e6d1b19719b5884251a,True,2026-06-15 18:56:49,,10.0,10.0
16960,Банк «Мир Привилегий»,https:,3224,МП. Можно ВСЁ!,https://www.banki.ru/products/deposits/deposit/24346/,10.5,10.5,50000,,91,180.0,RUB,10.5,False,True,True,True,,,,нет,по ставке до востребования,,,b1bf2518999155542f01159b4928e21c273c6a147f4140561ae6e2216dffffb6,19227b971fb86fcd53b1242054e9e797120e744d9fa7fafa7a654981223c0be8,True,2026-06-15 18:56:49,,9.5,10.5
8534,Русьуниверсалбанк,https:,3293,Ключевой,https://www.banki.ru/products/deposits/deposit/25882/,12.0,12.0,200000,,365,365.0,RUB,12.68,False,False,True,True,,,,по выбору клиента,на льготных условиях,,,0b7c90528194f306306063e05e05b0656c82139ab30b3a10b8ad031bd8a91403,758174d855d171cc474a28f44cc38c65c4fa54e037fb12d7a16b53d2dc542cf0,True,2026-06-15 18:56:49,,12.68,12.68
9751,Банк «Держава»,https:,2738,Универсальный,https://www.banki.ru/products/deposits/deposit/19756/,11.5,11.5,5000000,,181,181.0,RUB,11.66,False,False,True,True,,,,есть,по ставке до востребования,,,0945fe8602c8d82d728d65661d21ce472dd4ae0b08df87fe5aa9f17fd7afb17f,30553530ca801532e3d7e324a7d240332535786690980037c915e8fbdd951fca,True,2026-06-15 18:56:49,,10.6,11.66
80479,Ишбанк,https:,2867,Пенсионный+,https://www.banki.ru/products/deposits/deposit/25404/,9.25,9.25,150000,,181,181.0,RUB,9.43,False,True,True,True,,,,есть,на льготных условиях,,,96d183941abe0cdb6c51186e75ed144fcbc3dc5797f84d0fb5155b5458221a39,2e02ed98322d6cb493367be830bd4a7791f4f62d4921bbe5950e83bf254cc434,True,2026-06-15 18:56:49,,9.43,9.43
194006,НДБанк,https:,2374,Стабильный,https://www.banki.ru/products/deposits/deposit/24576/,12.5,12.5,50000,,91,91.0,RUB,12.5,False,False,True,True,,,,нет,по ставке до востребования,,,a23c46be43c36f2e6e93e05674156145ca62091d953c89777d0b916fed34fd5c,f2f0b48f903ebe40ef42f33f5087ac05de097a06fd03c639f4c857b703e4f849,True,2026-06-15 18:56:49,,9.0,12.5
195654,Автоторгбанк,https:,2776,Сберегательный,https://www.banki.ru/products/deposits/deposit/19833/,11.15,11.15,10000,,91,91.0,RUB,11.25,False,False,False,False,,,,по выбору клиента,по ставке до востребования,,,043107ab99b2ac3f6ed3198885320a3ceac60a4899368ccccbaf1045cbdf42ee,f69360f60715980cff400a74257987101489a3c66f3b2b0a298371d5665497fb,True,2026-06-15 18:56:49,,10.95,11.36
80455,SBI Банк,https:,3185,Накопительный счет,https://www.banki.ru/products/deposits/deposit/21449/,8.0,8.0,1000,5000000.0,30,,RUB,8.0,False,True,True,True,,,,по выбору клиента,на льготных условиях,,,deef9a70da2311dad09728eccf1277c18cdd1591a836956dcc8d5e9f8a7e182a,a70faf5bbbc65c2ea5db803e84de264f37b3d9ad2b5b7e4c02d27d9f1c53e7b8,True,2026-06-15 18:56:49,,8.0,8.0
191365,Банк «Дружба»,https:,990,Стабильный,https://www.banki.ru/products/deposits/deposit/25757/,7.0,7.0,30000,,366,366.0,RUB,7.23,False,False,False,False,,,,по выбору клиента,на льготных условиях,,,b12c32f9eaa03383374b9c5bfa0f47f0a43fddb20740b5220d9694bb22008a62,f80dbf0fff91bbe88406e9df983f25750401b9d5dc1a044a6507e6d9bbab5483,True,2026-06-15 18:56:49,,7.23,7.23
421572,Ури Банк,https:,3479,Ури Голд,https://www.banki.ru/products/deposits/deposit/19757/,11.0,11.0,2000000,,32,90.0,RUB,11.0,False,False,False,True,,,,нет,по ставке до востребования,,,903ff8109b56cf260a9cadfaee3a5b077cfe1370d0ec3c3b455e27638b547bea,f8b6d6b23dd0654bde753ee4530df37ffff0ee74a776ab2e40999e06b7142cd0,True,2026-06-15 18:56:49,,5.5,11.0
77481,Банк «СЕРВИС РЕЗЕРВ»,https:,2034,C ежемесячной капитализацией процентов,https://www.banki.ru/products/deposits/deposit/21778/,9.5,9.5,100000,,181,365.0,RUB,9.92,False,False,False,False,,,,есть,по ставке до востребования,,,c2dfa66eee2a59c301218d83311802cd1e341b707f8beca0d451f665a39f15ce,064cd021ca82a9ac13be94d422c2234dd5df97c4e5629142dd02eb5da47c3c8b,True,2026-06-15 18:56:49,,9.92,9.92
17280,СПБ Банк,https:,435,Сбережение,https://www.banki.ru/products/deposits/deposit/19942/,12.5,12.5,1500000,,91,91.0,RUB,12.63,False,False,False,True,,,,по выбору клиента,по ставке до востребования,,,c5d4b33380ab7407cf3151f72d5f9597f48d55bf2e8f95cb8b1c6825dd445e4b,ea2c566438f3ecc9b7e3b9c8bd8e4cadee126d50d04988559297df4bedcbe128,True,2026-06-15 18:56:49,,11.5,12.83
189305,Новый Московский Банк,https:,2932,Доходный (с лимитом остатка),https://www.banki.ru/products/deposits/deposit/19960/,10.5,10.5,5000001,,181,181.0,RUB,10.5,False,False,True,True,,,,нет,по ставке до востребования,,,f6fd91f2e7747745ddbcd852c81718e7d8ae14d3496a43b01294393fc2fee695,70357352fce57ca8fd956398b958ad94caca69b3c0098e5dd02c05894330de73,True,2026-06-15 18:56:49,,10.0,10.5
77517,Банк «МБА-МОСКВА»,https:,3395,Специальный,https://www.banki.ru/products/deposits/deposit/25812/,5.0,5.0,50000000,3000000000.0,30,30.0,RUB,5.0,False,False,False,False,,,,нет,по ставке до востребования,,,258be43042d6629b74da1be9c7ec5940659f6f3f27b22776e84fc9b9fb5544e8,caaa2ba1a1dd61dfe8c2a318178f85b5d109c84464d32e22de2440cb210c8f37,True,2026-06-15 18:56:49,,5.0,5.0
193374,НОКССБАНК,https:,3202,Классический,https://www.banki.ru/products/deposits/deposit/21437/,5.7,5.7,100000,,365,365.0,RUB,5.85,False,False,False,False,,,,по выбору клиента,по ставке до востребования,,,e18791d7ec5220b96c4b91a56e8d534dfe750ecac56d5eb29af9aaadd62f4bc2,6b39f1368ff8a16b119d592f763e6bd235c43e43dc53bc2b473e3aff84c53c9e,True,2026-06-15 18:56:49,,5.31,5.85
195626,Банк Кремлевский,https:,2905,Гибкий,https://www.banki.ru/products/deposits/deposit/20119/,6.25,6.25,20000000,,367,367.0,RUB,6.25,False,False,True,True,,,,нет,по ставке до востребования,,,863656fdade28b88e7b0f50c470ffe889316c9bc03fcc4c46e14ff2cf0043818,e62d178d8ae360cc4a573848d4b9cec77fce7b5d03057da526dabd61d1fabb26,True,2026-06-15 18:56:49,,3.25,6.25
17216,АРЕСБАНК,https:,2914,Доходный,https://www.banki.ru/products/deposits/deposit/19712/,6.0,6.0,1000000,,500,500.0,RUB,6.0,False,False,False,True,,,,нет,по ставке до востребования,,,25836d42f0f022edf0ce2962b7c1848395a52972a96a584eab778c4d4ea9ab40,40737b96f66449daee5e628a1d32d9df77942b8c8f522141fd423626f6785c05,True,2026-06-15 18:56:49,,6.0,6.0
152985,ДенизБанк Москва,https:,3330,Срочный,https://www.banki.ru/products/deposits/deposit/21249/,6.0,6.0,100000,,366,720.0,RUB,6.0,False,False,False,False,,,,нет,по ставке до востребования,,,844402aa89db5689bd17a1817d9d843226814d3f11c25577980b21a6f38b9845,168fb591bdf4c2fdcd8835de514fa578bb7570b69624e26e172744e85f96a1cb,True,2026-06-15 18:56:49,,4.0,6.0
194002,Спецстройбанк,https:,236,Срочный,https://www.banki.ru/products/deposits/deposit/22677/,4.5,4.5,1000000,,365,,RUB,4.5,False,False,False,False,,,,нет,по ставке до востребования,,,1e42fd60cc9558e4a0edf23bcdd7a22349c95d0c25beeb752e61c4c40cff2532,da16bca8e90e0356ac64d17c94953423685bec95cec5620b141d3872ecee9a24,True,2026-06-15 18:56:49,,0.3,4.5
191004,Российская Финансовая Корпорация,https:,3099,Классический,https://www.banki.ru/products/deposits/deposit/23467/,4.5,4.5,1500000,,91,91.0,RUB,4.5,False,False,False,False,,,,нет,по ставке до востребования,,,ac7e8546ea8d6f62248407e92a0142acc681bb5f60c9e7b742eaabaf57439e9e,1a3987c68adee4cfa8639106345959e9acccc8f4b14622547fa142515a776f36,True,2026-06-15 18:56:49,,3.7,4.5
196642,Эко-Инвест,https:,3116,Срочный,https://www.banki.ru/products/deposits/deposit/19924/,3.0,3.0,1,,365,365.0,RUB,3.0,False,False,False,False,,,,нет,по ставке до востребования,,,42340ee5c9a44a7441256635a535815c63c9edcf99f906064d1d6ae5674c2792,fa643d0ddcbf61c9be692cc103ad80349007d863bc159e1aa9ce85e52a3c1bba,True,2026-06-15 18:56:49,,2.0,3.0
384111,АйСиБиСи Банк,https:,3475,Срочный,https://www.banki.ru/products/deposits/deposit/19707/,3.0,3.0,100000,,365,1095.0,RUB,3.0,False,False,False,False,,,,нет,по ставке до востребования,,,7ea802f16e7e183f535efb19d997c28ca2156469f426bd2df8c497f2ccee16c4,608e5a10c8ecb37f8cffa91e7087ecfd03331e7824b4d3a49af62e7596459e7b,True,2026-06-15 18:56:49,,1.5,3.0
189923,Живаго банк,https://static2.banki.ru/ugc/a4/a5/57/8b/189923.svg,2065,Верный процент,https://www.banki.ru/products/deposits/deposit/15915/,8.5,8.5,50000,,1116,1116.0,RUB,9.67,False,True,False,True,,,,по выбору клиента,по ставке до востребования,,,947bc56cece0f4e6a33e8abe274ba83ec4f4732cb475cb8a0f9f8417f025be18,b6dec78336887ee6a1f6eff9da6a5399498f3ea6c7c101eee404eb5fb30cf421,True,2026-06-15 18:56:49,,9.67,9.67
77487,Интерпрогрессбанк,https://static4.banki.ru/ugc/0d/25/4c/43/77487.svg,600,Накопительный счет,https://www.banki.ru/products/deposits/deposit/21451/,10.0,10.0,1,5000000.0,30,,RUB,10.0,False,True,True,True,,,,по выбору клиента,на льготных условиях,,,cdb5f8f0e8e4309cf9b8a13b0122dcfbd5ce9f76e26b8171d1b3797c0323d299,92498b131715cd3c31640842b49cce1cff17126d56f1830c3d3da306bfe8bd12,True,2026-06-15 18:56:49,,10.0,10.0
14400,Банк МФК,https://static4.banki.ru/ugc/49/62/ec/11/14400.svg,2618,МФК Выгодный (ежемесячно с капитализацией),https://www.banki.ru/products/deposits/deposit/25442/,15.5,15.5,100000,,91,91.0,RUB,15.7,False,False,False,False,,,,есть,по ставке до востребования,,,936a5d11ca3e57f12ddb07fb514d28fc1fa98dd473039b185ef7f662adf5e43d,e2e264544715d4ac255229937f109a550f33e6931bf5a4a59e982552567e98c8,True,2026-06-15 18:56:49,,9.23,15.7
191747,Банк Оранжевый,https://static3.banki.ru/ugc/b6/41/2d/f9/191747.svg,1659,Копилка,https://www.banki.ru/products/deposits/deposit/25497/,10.0,10.0,1000,,120,120.0,RUB,10.12,False,True,True,True,,,,есть,на льготных условиях,,,215395021fa560f7a83e0c03e18477e78864c7f4ead0d265118b5458c800518a,4e3598f04fd9de3cbc11bdc8592827c35065f6c4931ea6e44ee0e6173c154ffc,True,2026-06-15 18:56:49,,10.12,10.12
193988,ГУТА-БАНК,https:,256,Универсальный +,https://www.banki.ru/products/deposits/deposit/24584/,15.0,15.0,30000000,,7,7.0,RUB,15.0,False,False,False,False,,,,нет,по ставке до востребования,,,0fc71558582bb61647efd7c1eea83adfd44d4f4e1cb70dcd9aaf424ed8276bb2,8d7b75c232146eb21ec5344e24f6c529ddf3dcf50004d0406d38a002b1098eff,True,2026-06-15 18:56:49,,15.0,15.0
76624,Банк «РЕСО Кредит»,https://static3.banki.ru/ugc/82/00/49/6f/76624.svg,3450,Старт,https://www.banki.ru/products/deposits/deposit/21503/,11.5,11.5,100000,,91,91.0,RUB,11.5,False,False,False,False,,,,нет,по ставке до востребования,,,1107a976a8a17928e91909504ce25313452c49c363823c3b838b0c528373c910,b1146e240abe049510730b49066ae0e01bafbe0845e6926969cbd73370ab0acf,True,2026-06-15 18:56:49,,8.5,11.5
187472,Яндекс Банк,https://static3.banki.ru/ugc/15/14/a8/37/187472.svg,3027,Сейв,https://www.banki.ru/products/deposits/deposit/25774/,17.0,17.0,1,30000000.0,1,62.0,RUB,17.0,False,True,True,True,,,,по выбору клиента,на льготных условиях,,,ec1abda98032454d6534fbbd509e2bbd2087721b7369b1adc3e42a0570d47802,7c8634424b344efeeabd937f673bf370f649938ea2f73eae63ca6d42a9741f2d,True,2026-06-15 18:56:49,,13.0,17.0
188813,Вайлдберриз Банк,https://static2.banki.ru/ugc/82/08/5a/dc/188813.svg,841,Оптимальный,https://www.banki.ru/products/deposits/deposit/23370/,16.5,16.5,50000,,90,90.0,RUB,16.5,False,True,False,False,,,,нет,по ставке до востребования,,,3f0a723da11fa12b74159381550a1b5e65446443ced0b4b1cc11a80c38226dfb,988564fef23aa3e14774a75e334d66351ea06f5f766e11070b09493e583311c9,True,2026-06-15 18:56:49,,14.0,16.5
194215,Тендербанк,https://static2.banki.ru/ugc/33/bf/54/82/194215.svg,2252,Тендер,https://www.banki.ru/products/deposits/deposit/25885/,16.0,16.0,500000,1500000.0,90,90.0,RUB,16.0,False,False,False,False,,,,нет,по ставке до востребования,,,8838a34a4c686f9083aedf1dcd1f1d41fc990e18b07b2f4c88da6e30c6ed030f,1483d8d7d395675fb054eef66c456b65adcc402247f25d9b29582351c4c875b2,True,2026-06-15 18:56:49,,13.0,16.0
16995,ВБРР,https://static4.banki.ru/ugc/77/f0/c6/12/16995.svg,3287,Профи,https://www.banki.ru/products/deposits/deposit/25703/,16.3,16.3,10000,,31,31.0,RUB,16.3,False,True,False,False,,,,по выбору клиента,по ставке до востребования,,,19507769949f6c9cd251085576157974393c0a0cb137c907e7cf57eb7ac7ba53,46fbcd5d4dc1c79e2486dab2bfa52634b67f1e3cf9487a911cb45ee14a82dd52,True,2026-06-15 18:56:49,,12.46,16.3
366265,МБ РУС Банк,https://static2.banki.ru/ugc/53/10/c9/9e/366265.svg,3473,Новый вклад 181,https://www.banki.ru/products/deposits/deposit/25070/,9.93,9.93,1500000,10000000.0,1098,1098.0,RUB,9.93,False,False,False,False,,,,нет,на льготных условиях,,,b4db0f07b232c2ef9f05bf44df818ace4fa6963f57b253ca519e4404db937de5,9f83b8ed4079feabc44ece87efe56188ffa6a83aa962d9436abfc14fe8060696,True,2026-06-15 18:56:49,,9.76,9.93
187077,Первый Инвестиционный Банк,https://static4.banki.ru/ugc/c5/f0/b5/4b/187077.svg,604,Расчётный,https://www.banki.ru/products/deposits/deposit/23610/,10.75,10.75,15000,5000000.0,180,180.0,RUB,10.75,False,False,True,True,,,,нет,по ставке до востребования,,,bd3419506c765bd58bc6d7cf6050d54c24d284c181888f205712264a7f3686a9,0b9837f2e6e243d3be5f3258f035273a6e46a04e17f7b41698cf1204a1daabc6,True,2026-06-15 18:56:49,,9.75,10.75
17139,Москоммерцбанк,https://static2.banki.ru/ugc/2d/ba/91/73/17139.svg,3365,На высоте,https://www.banki.ru/products/deposits/deposit/12669/,7.4,7.4,50000,10000000.0,367,367.0,RUB,7.66,False,False,True,True,,,,по выбору клиента,на льготных условиях,,,4585bcee49eb26ac6d9e230a4f97fd9653f6afc255ce3d31a8b20a9272a7fcc2,7e433e6d4165cc32ea238fd504de735ba203cbf1e3470eeb45aa5899e18572e8,True,2026-06-15 18:56:49,,7.66,7.66
189261,Яринтербанк,https:,2564,Максимальный комфорт,https://www.banki.ru/products/deposits/deposit/19018/,10.0,10.0,500000,,182,182.0,RUB,10.21,False,False,True,True,,,,по выбору клиента,на льготных условиях,,,3bc65e9772de7e6d4fd2081d022a372c001cfc8216c2b1ecd0a1d6c47ee2e25e,230c49ab9fe7f562558707622507512fe43720e9509f742f4299a3dc1b7c60ca,True,2026-06-15 18:56:49,,8.02,10.47
191760,Томскпромстройбанк,https:,1720,Срочный (ежеквартально),https://www.banki.ru/products/deposits/deposit/6949/,6.6,6.6,3000,,370,370.0,RUB,6.77,False,True,False,True,,,,по выбору клиента,по ставке до востребования,,,7ed8f58f18cdc6074644b6f11e2e0e4bd9c28d09270f18c2d15ed2c7f68207c7,f2f56954ebc3ec1003507fdd79ceab80f9d56aeaf842e653e81813519fed1613,True,2026-06-15 18:56:49,,6.55,6.77
193965,Банк «Саратов»,https:,330,Амур,https://www.banki.ru/products/deposits/deposit/25849/,12.5,12.5,100000,,91,91.0,RUB,12.5,False,False,True,True,,,,нет,на льготных условиях,,,68f00fdeb5289a18de00b9d3d28e52c774c360a98f4df3b0ec76cc38ec571d9c,db7ac9073f05c46df249c024355399e823ac203a6e19094eda4aef6932bbbb58,True,2026-06-15 18:56:49,,12.5,12.5
191738,Экономбанк,https:,1319,Особенный,https://www.banki.ru/products/deposits/deposit/21709/,7.0,7.0,100000,,365,365.0,RUB,7.23,False,False,True,True,,,,по выбору клиента,по ставке до востребования,,,a515996e792acc1c7e132ffa058f1901ea642b4c9aaba3d70793d1382eca7624,052093f0ecee91d1678763951aa3aa4de4b0d93e1b065c5b76e43c6535fcbfca,True,2026-06-15 18:56:49,,7.23,7.23
193185,Банк «Аверс»,https://static3.banki.ru/ugc/f1/51/66/4f/193185.svg,415,Традиция,https://www.banki.ru/products/deposits/deposit/14605/,14.0,14.0,10000,,367,367.0,RUB,14.0,False,False,False,False,,,,нет,по ставке до востребования,,,39a138fade3cf6cdd08633cabdae991d46a22b6ce34ee7bce3744e38a8c4f962,a1ed72d4ecc5c1f96c17a16d134ed0336de2acfb049fb75772b8a879103b0586,True,2026-06-15 18:56:49,,14.0,14.0
76555,МОРСКОЙ БАНК,https://cdn.banki.ru/cdn/bank/76555_modern_logo_url.svg,77,Морской (Банки.ру),https://www.banki.ru/products/deposits/deposit/26075/,12.5,12.5,100000,5000000.0,271,271,RUB,12.5,True,True,False,False,,,,нет,по ставке до востребования,,,9c86de535fc8efe90091756b6dfc20089a7492683b623b7562f96a13ef0f9ade,ad3be0eac37c98401001c745164bae99cb1ff4b3682e3ec5d13ac593a5b18b97,True,2026-06-15 18:56:49,,12.5,12.5
37473,СДМ-Банк,https://cdn.banki.ru/cdn/bank/37473_modern_logo_url.svg,1637,Новое знакомство,https://www.banki.ru/products/deposits/deposit/25489/,11.8,11.8,300000,1499999.0,367,367,RUB,11.8,True,True,False,False,,,,нет,на льготных условиях,,,dd44d81713d82d456e43636ad41a2555deb5fccca299211edad0de559cfe09a9,14b27c1885bac4853393c88ce293d873cf2353805df38b3d34a2af95d9adc37d,True,2026-06-15 18:56:49,,11.8,11.8
68792,ФИНСТАР БАНК,https://cdn.banki.ru/cdn/bank/68792_modern_logo_url.svg,3245,Классический онлайн,https://www.banki.ru/products/deposits/deposit/25804/,11.5,11.5,200000,2000000.0,367,367,RUB,11.5,True,True,False,False,,,,нет,по ставке до востребования,,,6190ae7eae651e803d4337ab82a68e48beb9f4467b8e1bf49fda1d709ac76af7,7f038e97f69b71391b66b718bcd9fd919790bde70616dbddabda550e7e69870c,True,2026-06-15 18:56:49,,11.5,11.5
7292,Московский кредитный банк (МКБ),https://cdn.banki.ru/cdn/bank/7292_modern_logo_url.svg,1978,МКБ. Перспектива,https://www.banki.ru/products/deposits/deposit/25419/,11.7,11.7,10000,3000000.0,1100,1100,RUB,11.7,True,True,False,False,,,,нет,по ставке до востребования,,,77bf188f51687270200864c2415f485c84d944bef57594f307dfd7ee67f6b057,e421a49867cb1cc24b678e397363b93a67e0e622b0205e703218cbc215009466,True,2026-06-15 18:56:49,,11.7,11.7
17270,Самолет Банк,https:,2846,Самолет Вклад_730,https://www.banki.ru/products/deposits/deposit/25965/,12.25,12.25,100000,10000000.0,730,730,RUB,12.25,True,True,False,False,,,,нет,по ставке до востребования,,,4aeffd94e973437b2189b7f037f341bbccb9e7bfff0e3d3bbaade76ea441447d,4aaeeaf8eb60fba2431c3cc9d36aa4ee9975c8e09bd80853fc940db2f615d6bb,True,2026-06-15 18:56:49,,12.25,12.25
191928,БыстроБанк,https://cdn.banki.ru/cdn/bank/191928_modern_logo_url.svg,1745,Выгодный-Банки.Ру,https://www.banki.ru/products/deposits/deposit/25928/,13.1,13.1,150000,,366,366,RUB,13.1,True,True,False,False,,,,нет,по ставке до востребования,,,004229001d9ce3f4706087590a116cc8f4f3b8bc3d3909f5300ed59b04606bc1,1e1d35ed78bd40b66152b9efc155a7c64ff423d45877c67ad565bbcadd6cd212,True,2026-06-15 18:56:49,,13.1,13.1
2764,Газпромбанк,https://cdn.banki.ru/cdn/bank/2764_modern_logo_url.svg,354,Ключевой момент ,https://www.banki.ru/products/deposits/deposit/26058/,14.2,14.2,100000,15000000.0,120,120,RUB,14.2,False,True,False,False,,,,нет,по ставке до востребования,,,d0e65b43af166be05b6ee873e010bbfd48c1391d3c7075c6bb018867090ba458,203551fc4efa705ed1566ac45b7f3a581d0f26a9a9a20caf482766bc6e003ce2,True,2026-06-15 18:56:49,,14.2,14.2
327,ВТБ,https://cdn.banki.ru/cdn/bank/327_modern_logo_url.svg,1000,Выгодное начало,https://www.banki.ru/products/deposits/deposit/26099/,18.0,18.0,10000,50000.0,91,91,RUB,18.0,False,False,False,False,,,,нет,по ставке до востребования,,,e61e7eeeacaea46cf2b91773d69d27ab44d7f852c4c18393bb87f341b66622fd,d547ae0d1433892a8cbb5e8d38df0047892d0c7a68a71f50a6467b9fa6ea217c,True,2026-06-15 18:56:49,,18.0,18.0
193292,Норвик Банк,https://cdn.banki.ru/cdn/bank/193292_modern_logo_url.svg,902,Быстрый доход,https://www.banki.ru/products/deposits/deposit/25616/,12.0,12.0,100000,50000000.0,182,182,RUB,12.0,True,True,False,False,,,,нет,по ставке до востребования,,,12422adecef565246098d97baecc81168ae2ce56b2145557d2aac342b58d972f,51f35d886c6a52a6aa582f8b36876cd08745f080cbc2f73c661279155bfddf5d,True,2026-06-15 18:56:49,,12.0,12.0
190178,Свой Банк,https://cdn.banki.ru/cdn/bank/190178_modern_logo_url.svg,3223,Свой вклад с Банки.ру,https://www.banki.ru/products/deposits/deposit/24801/,9.57,9.57,30000,30000000.0,367,367,RUB,10.0,True,True,False,False,,,,есть,по ставке до востребования,,,6e5a8d0ec5f07c129e12fe316fe12bb2304166ad9ba041102c553cd76970c0ab,2bcba0ba0ad0359952e18d8bbc09d6eedd52459f6773abfc0aab3e56654cc2f8,True,2026-06-15 18:56:49,,10.0,10.0
193407,Энерготрансбанк,https:,1307,Доход плюс Банки.ру,https://www.banki.ru/products/deposits/deposit/25953/,12.8,12.8,50000,,60,60,RUB,12.8,True,True,False,False,,,,нет,по ставке до востребования,,,452005ccfea4cb35c08a6a80766736beab4675d6b19a128a7eff935f5f3e9130,bbc8b803e6c7315d5a1ecae2d85653341fbcc8ba13d4a343eb4288c405270644,True,2026-06-15 18:56:49,,12.8,12.8
191203,Примсоцбанк,https://cdn.banki.ru/cdn/bank/191203_modern_logo_url.svg,2733,Спринт Маркетплейс,https://www.banki.ru/products/deposits/deposit/25234/,12.5,12.5,100000,50000000.0,91,91,RUB,12.5,True,True,False,False,,,,нет,по ставке до востребования,,,0c48f63a5e4e2b5e690915c35009a19eb9f5dfa8ca6cbf1fca03f8d442d23313,d76f598271033ff62fb9ea5ae983d2e380a3b34107f0872bf0fe34890030846b,True,2026-06-15 18:56:49,,12.5,12.5
192833,Азиатско-Тихоокеанский банк (АТБ),https://cdn.banki.ru/cdn/bank/192833_modern_logo_url.svg,1810,АТБ.Счет+,https://www.banki.ru/products/deposits/deposit/24976/,8.0,8.0,1,3000000.0,30.0,,RUB,8.0,False,True,True,True,,,,по выбору клиента,на льготных условиях,,,d3859f584802ca9d45a79f4744a5d8edb55d4181f5e4fce34af9569906a746fd,02f4b18ef0e60212aecb8f1e67f91029a508058496cc5c2f8308b023afabb2f0,True,2026-06-15 18:56:49,,8.0,8.0
190481,Хакасский муниципальный банк,https:,1049,Пенсионный,https://www.banki.ru/products/deposits/deposit/14623/,4.0,4.0,500,,180.0,180.0,RUB,4.02,False,False,True,True,,,,есть,на льготных условиях,,,764ad7d0bb9d92ff39881286130526bc3d844c290f1f652ebb4a5d75a7dc0d91,a038e5fcf0e640300d8f0d1e9fce848d3bf58e83062b9d1939dfb1a4e0287ff6,True,2026-06-15 18:56:49,,4.02,4.02
15227,Ланта-Банк,https:,1920,Перспективный,https://www.banki.ru/products/deposits/deposit/25631/,10.25,10.25,500000,,92.0,92.0,RUB,10.25,False,False,False,True,,,,нет,по ставке до востребования,,,3453461af9c280b5f030354608a220a957e0b4cc3bb1f5d323d3de1afe87ebc7,18c39c66a7962ff02a1c81d2a307ca17101e51c97cec14320f0d356c2200aab2,True,2026-06-15 18:56:49,,8.25,10.25
194898,Банк «Кузнецкий»,https:,609,Пенсионный оптимальный,https://www.banki.ru/products/deposits/deposit/6310/,5.97,5.97,10,,540,540.0,RUB,5.97,False,False,True,True,,,,нет,на льготных условиях,,,ce3ae1e162e4963ecfe859dddd0b10db29fe2e4fe71b2260f4a0ed9f90f20685,b4b8d1b699994d0df6bbe1057b3c345215b226975cd824e830212b0342746430,True,2026-06-15 18:56:49,,5.97,5.97
195188,Банк «Венец»,https:,524,V-Клад (в конце срока),https://www.banki.ru/products/deposits/deposit/25860/,16.0,16.0,10000,100000000.0,91,91.0,RUB,16.0,False,False,False,False,,,,нет,по ставке до востребования,,,c8924300c7dc380c383dcc269b3d8a78c538b6b490bfd2e41f36180320ad55f2,388277b256b57ed108c6527d920800a6e3860f42c277add5e5b4e733d4a37e07,True,2026-06-15 18:56:49,,12.5,16.0
12374,НС Банк,https://cdn.banki.ru/cdn/bank/12374_modern_logo_url.svg,3124,Накопи,https://www.banki.ru/products/deposits/deposit/23419/,12.8,12.8,10000,,367,367.0,RUB,12.8,False,True,False,False,,,,нет,на льготных условиях,,,152a06aff7273e2aa76bc6d59d7672d901fbe4a960037bb6ec14cd1915fa3f9e,4b15f3131d5e720cd35cfbf1b42ff096f54f92c9de1bb251df2622d35f327850,True,2026-06-15 18:56:49,,12.8,12.8
193416,Новобанк,https:,1352,Супер экономный,https://www.banki.ru/products/deposits/deposit/7233/,10.0,10.0,5000000,,360,360.0,RUB,10.46,False,False,True,True,,,,есть,на льготных условиях,,,c8448cbfcf29912469ef70609fa2087556f63aeebaed597bae2aaa4a57ea2d96,9628953397a6971ec2443fcc59f6f3f54e28d59fd51401b81ce46d2e0c27a510,True,2026-06-15 18:56:49,,8.3,10.46
193300,Газэнергобанк,https://cdn.banki.ru/cdn/bank/193300_modern_logo_url.svg,3252,Исполнение желаний+,https://www.banki.ru/products/deposits/deposit/19360/,14.0,14.0,10000,100000000.0,90,90.0,RUB,14.0,False,True,False,False,,,,нет,по ставке до востребования,,,f116a7815a05178d3799205051e876ce4a5552a1a688cb683103eab1b5ddd17c,de35cc0d0f14462c10804657e4adedc60f932f5efd87dd81a696f3c45b33512f,True,2026-06-15 18:56:49,,6.8,14.0
190361,Банк «Йошкар-Ола»,https:,2802,Пенсионный Плюс,https://www.banki.ru/products/deposits/deposit/6793/,9.0,9.0,100,,366,366.0,RUB,9.31,False,False,True,True,,,,есть,на льготных условиях,,,4ddb6e11b0e83a277064b3ad5b5c71ad0559219f80b3c432c9e6df09e9757314,f2d6ea0576973f494c42c8ed4bca37b0f5a5daa5eb023d0dbfb4a793e468f843,True,2026-06-15 18:56:49,,9.31,9.31
191196,РостФинанс,https:,481,Лидер Роста,https://www.banki.ru/products/deposits/deposit/25309/,13.9,13.9,50000,,95,95.0,RUB,14.07,False,True,False,False,,,,по выбору клиента,по ставке до востребования,,,ab14794700079cba2cac0154cd14ae06bc898669a7df7a2e79dd66a1cfafd01b,af711dfd0d8c33b055368ec5ed77c03fb9b1b2d3a301ea5cfba299d9d7fdb059,True,2026-06-15 18:56:49,,11.26,14.07
196029,Первый Дортрансбанк,https:,3271,Универсальный,https://www.banki.ru/products/deposits/deposit/6357/,6.5,6.5,5000,,730,730.0,RUB,6.92,False,False,False,True,,,,по выбору клиента,на льготных условиях,,,6733461e0a0b8de00cc7fcb911674242880312a1268341ea1b240ddd6f83f5c6,35549f668e668ace49c90eca4880d8021e0d6251a772543e1171c528e8cd904a,True,2026-06-15 18:56:49,,6.92,6.92
138399,ИТ Банк,https:,2609,Осенний,https://www.banki.ru/products/deposits/deposit/24135/,14.25,14.25,15000,,121,121.0,RUB,14.25,False,False,False,False,,,,нет,по ставке до востребования,,,ebf935cdbdae0781b9356b85b739398af5013c76416bcc050a56fdca3bd8f9f7,39da504afcdeb1bd880c94f1e68832b925446fb27eaed39eb1d0c2f776f13a11,True,2026-06-15 18:56:49,,12.0,14.25
191107,Дальневосточный Банк,https://cdn.banki.ru/cdn/bank/191107_modern_logo_url.svg,843,Доходный (ежемесячно),https://www.banki.ru/products/deposits/deposit/19792/,14.3,14.3,10000,,186,186.0,RUB,14.3,False,True,False,True,,,,нет,по ставке до востребования,,,82d76290e328d9c4886d3447ba85e2f01e0a53e2b84cfa0a63f6ac99dd53efaf,f08736925261823f2e0f59a4bd71786ba5691056e6b65555d364f4b49d7e96e2,True,2026-06-15 18:56:49,,13.2,14.3
192701,Банк «Пойдём!»,https://static2.banki.ru/ugc/de/67/6d/94/192701.svg,2534,15/5,https://www.banki.ru/products/deposits/deposit/25951/,15.0,15.0,10000,,152,152.0,RUB,15.0,False,True,True,False,,,,нет,на льготных условиях,,,37dda1f486b5ae0750aeea9106304ab9b8987a3594bfe6bb993f96096eeac845,689c88db0c649a3c53aca68500088a4f2f86dd637968cdc7d96fa0d1fb7ef3ba,True,2026-06-15 18:56:49,,15.0,15.0
194277,Тамбовкредитпромбанк,https:,1312,Пенсионный плюс,https://www.banki.ru/products/deposits/deposit/1602/,3.5,3.5,10,,731,731.0,RUB,3.61,False,False,True,True,,,,по выбору клиента,на льготных условиях,,,ee9456e9dc7db6349d9dceba77f4033fc06794e951ba97d0543215afee5edcf8,a5032c559a184c24475734f7c95a214ad30195285d0cd45c61494d359281f02b,True,2026-06-15 18:56:49,,3.61,3.61
191170,Ставропольпромстройбанк,https:,1288,Пенсионный оптимальный,https://www.banki.ru/products/deposits/deposit/25255/,2.5,2.5,10,,1825,1825.0,RUB,2.66,False,False,True,True,,,,есть,по ставке до востребования,,,862838cb3f95868d177d9ba41735e728dea67f6030b6a5c0ba3a472725f3e948,34566346fba96ca2ec7c35e89f45858c2e55338248522b7594e90ac69f19e82f,True,2026-06-15 18:56:49,,2.66,2.66
68886,Енисейский объединенный банк,https:,2645,Забота,https://www.banki.ru/products/deposits/deposit/24939/,6.2,6.2,1,,1080,1080.0,RUB,6.75,False,False,True,True,,,,есть,по ставке до востребования,,,9c78877946cbd6235fc77af7b47de025e50c800d50dd50e509afd14e4e1ee484,f3cbad6ef8993249246b0542829081b40a0815739bac40aa55036e7bcea0db09,True,2026-06-15 18:56:49,,6.75,6.75
192887,Тимер Банк,https:,1581,Сберегательный,https://www.banki.ru/products/deposits/deposit/22144/,14.25,14.25,1500001,100000000.0,31,31.0,RUB,14.25,False,True,False,False,,,,по выбору клиента,по ставке до востребования,,,ccc4f6fe900e43cb7d4382a9dc7010aad6b059c5d95a912bdaad10d738e25cf3,7938f003764c700a7b55662deb99680088a735cc880317075aaff534010f56d5,True,2026-06-15 18:56:49,,9.84,14.42
192841,Энергобанк,https:,67,Максимальный,https://www.banki.ru/products/deposits/deposit/25881/,13.66,13.66,200000,,181,181.0,RUB,13.66,False,False,False,True,,,,нет,по ставке до востребования,,,b738b8e46095a46c79255c5b6c9da6b37fdc031e33639854f8a7390d24c3bfaf,1f6676797c4d52af027f9603a3d543a000951f867853353c651c2914074d2fcf,True,2026-06-15 18:56:49,,13.66,13.66
197032,АвтоКредитБанк,https:,1973,Срочный-Универсальный (с капитализацией),https://www.banki.ru/products/deposits/deposit/4567/,12.5,12.5,100000,10000000.0,371,371.0,RUB,13.26,False,False,False,False,,,,есть,на льготных условиях,,,b734db287b2949cc5ad248fcbe102f762dc629588fa2d707fd08df3bfa9fd452,7dcb2ae5e64a6b872f0f8f5af9c42ec0e778c82f5f431b62f40ca7ba267ad863,True,2026-06-15 18:56:49,,13.26,13.26
191079,АКИБАНК,https:,2587,Пенсионный-372,https://www.banki.ru/products/deposits/deposit/20169/,9.0,9.0,10,,372,372.0,RUB,9.0,False,False,True,True,,,,нет,по ставке до востребования,,,089fb963233fcd100864f02b360bde0ac4dcb38dd04aa91e585431e91f8cd31a,660899528862f1e7325c36bb415ed93a9699d8d7709738a3715a7bce78abbdfb,True,2026-06-15 18:56:49,,9.0,9.0
11752949,Ozon Банк,https://static3.banki.ru/ugc/a8/7e/27/c5/11752949.svg,3542,Срочный,https://www.banki.ru/products/deposits/deposit/24384/,15.8,15.8,10000,,91,91.0,RUB,16.01,False,True,False,False,,,,есть,по ставке до востребования,,,eeb9c90f126ed925dbd9b3ee10ee6bca44777559b35fc5a6f24d1486ee8ff659,17e682a55c6a069a5615af7b1297defa6ef331e2959c82b7b659716109bded28,True,2026-06-15 18:56:49,,13.51,16.01
863,Банк ЗЕНИТ,https://static4.banki.ru/ugc/a8/d3/8b/03/863.svg,3255,Накопительный Онлайн,https://www.banki.ru/products/deposits/deposit/20885/,15.0,15.0,1,100000.0,30,,RUB,15.0,False,True,True,True,,,,по выбору клиента,на льготных условиях,,,dad1eca42c09fa359fc4861ad1f689846d2f61766a7d89adbb27061f2a459e14,88e119ef0d94cbcbd6fa0eb2695524db5f83b4a8531f4eefa07ff7c8e684bb6b,True,2026-06-15 18:56:49,,3.5,15.0
193396,Банк «ИТУРУП»,https:,2390,Накопительный счёт,https://www.banki.ru/products/deposits/deposit/24434/,11.0,11.0,1,3000000.0,30,,RUB,11.0,False,True,True,True,,,,по выбору клиента,на льготных условиях,,,e99a8664ac6e4fae263b18a7680400c4e6f3abb268e5d20581c5977b8be85553,ad7ebe8caf63b50adfa790c565f4466c3054f49ea49b39bf26e789e48c668098,True,2026-06-15 18:56:49,,11.0,11.0
189187,Солид Банк,https://static3.banki.ru/ugc/e0/50/ea/6b/189187.svg,1329,Юбилейный 35,https://www.banki.ru/products/deposits/deposit/25952/,12.92,12.92,35000,,365,365.0,RUB,12.92,False,,,True,,,,нет,на льготных условиях,,,607f51c6fdf690ea07a2d1878f31c6ecaa5c2459c754cd777b275eefeb7937a7,c37ba9ca16bc7644a4403971cf6737a73972d46e63f56be5ccac10d6d319442d,True,2026-06-15 18:56:49,,12.92,12.92
193364,КАМКОМБАНК,https://cdn.banki.ru/cdn/bank/193364_modern_logo_url.svg,438,Онлайн,https://www.banki.ru/products/deposits/deposit/25700/,15.0,15.0,100000,10000000.0,91,91.0,RUB,15.0,True,True,False,False,,,,нет,по ставке до востребования,,,ae4f8bf12b291b4f21214f80e803e066e6fc50c23fb0c79daf04443ddf708852,6ba342f9a9e198474649cb7e36320ba16df1882f1a2d65ffb0dbd6e60c04a248,True,2026-06-15 18:56:49,,15.0,15.0
619,Банк Жилищного Финансирования,https://cdn.banki.ru/cdn/bank/619_modern_logo_url.svg,3138,Лидер 3,https://www.banki.ru/products/deposits/deposit/25851/,15.0,15.0,30000,,91,91.0,RUB,15.0,True,True,False,False,,,,нет,по ставке до востребования,,,1b366cd390731e89136cb7b8af94233aa9c340728ef344bdb599525473c48c15,445164743ad85071e88fcb9ba964c9aeb83022eedfdb87fd22cb6d5899e11014,True,2026-06-15 18:56:49,,15.0,15.0
9183,Локо-Банк,https://cdn.banki.ru/cdn/bank/9183_modern_logo_url.png,2707,Локо-Вклад. Банки.ру,https://www.banki.ru/products/deposits/deposit/25856/,14.6,14.6,300000,30000000.0,95,95.0,RUB,14.6,True,True,False,False,,,,нет,по ставке до востребования,,,c87ed7c8a8e1bf401fda15e68fef54c70d885f5e49fcbf98c61a03bdf29f13ea,8450722825c33ff05043feb897181b2b6b8f4df9a7a337bb17b52355ccb7aba5,True,2026-06-15 18:56:49,,14.6,14.6
195603,Крона-Банк,https:,2499,Пенсионный плюс,https://www.banki.ru/products/deposits/deposit/4802/,4.5,4.5,1000,5000000.0,730,730.0,RUB,4.7,False,False,True,True,,,,по выбору клиента,на льготных условиях,,,5cf083958185e796bda6f5020f09a4b61cce827a69e06579eb05d535b05191a3,3f51e125f70d893647298cbaa3bac5055ece386859cefc09549adfef8b67ff48,True,2026-06-15 18:56:49,,4.7,4.7
187059,АКБ «БЭНК ОФ ЧАЙНА»,https:,2309,Накопительный,https://www.banki.ru/products/deposits/deposit/19722/,7.5,7.5,1000000,,91,91.0,RUB,7.5,False,False,False,False,,,,нет,по ставке до востребования,,,94e7945a1e4aa8d7ec84851c7e1ce1fa5a09324897f0051a86aba18fb2eb8062,d5c680edea3c1e044214334aeb84f415aa889d1acd0557bc67dd52ca700a6df3,True,2026-06-15 18:56:49,,5.5,7.5
6055,МТС Банк,https://static3.banki.ru/ugc/7f/af/89/78/6055.svg,2268,МТС Специальный,https://www.banki.ru/products/deposits/deposit/25062/,14.0,14.0,10000,,181,181.0,RUB,14.0,False,False,False,False,,,,нет,по ставке до востребования,,,a935e60b2b441e7f36e3a2d4e3f94c9822ccd10884d82d822f9cf9571be6a59a,115e05b90bab24a95ea34b115ae8dd7d33cf971c6f4b0adabf3017aac2243a11,True,2026-06-15 18:56:49,,10.4,14.0
192890,Реалист Банк,https://cdn.banki.ru/cdn/bank/192890_modern_logo_url.svg,1067,Точный прогноз,https://www.banki.ru/products/deposits/deposit/25656/,6.74,6.74,10000,4999999.0,1095.0,1095.0,RUB,6.74,False,True,False,False,,,,нет,на льготных условиях,,,663f5c712beae3da68b489ae7363af0406ed95d6bdf783a707b8ac0b1fe49736,5ea7874150461b3a565ddd811c956c62a840c456fec80e0eb782dfb3f28dce9d,True,2026-06-15 18:56:49,,6.74,6.74
95970,Уральский банк реконструкции и развития (УБРиР),https://cdn.banki.ru/cdn/bank/95970_modern_logo_url.svg,429,Накопительный счёт,https://www.banki.ru/products/deposits/deposit/20394/,4.5,4.5,1,,30.0,,RUB,4.5,False,True,True,True,,,,по выбору клиента,на льготных условиях,,,03475ea1eaccac5669a4f13c525e0718f990adf6581d709cebb34f401d6ef44d,6fa48752451de5b3bf0808ceca6103050d5ce087f3a8c2efb2232d743099b3cc,True,2026-06-15 18:56:49,,4.5,4.5
191120,Банк «Левобережный»,https://cdn.banki.ru/cdn/bank/191120_modern_logo_url.svg,1343,Спутник,https://www.banki.ru/products/deposits/deposit/24603/,3.22,3.22,1000,50000000.0,1100.0,1100.0,RUB,3.22,False,True,True,True,,,,нет,на льготных условиях,,,d8265b0b0e26a266d6362c3d5d5893ac61511f766866fe526543eab80bfd01fa,da8f9f0b59fc7731f1114e29e5f6704f37e170f3fb048e0dbafa875b8652ec39,True,2026-06-15 18:56:49,,3.22,3.22
192866,Банк Акцепт,https:,567,Удобный,https://www.banki.ru/products/deposits/deposit/8480/,10.5,10.5,500000,,1850.0,1850.0,RUB,13.79,False,True,True,True,,,,есть,на льготных условиях,,,8271bbd03678f95e430e0b9fbfe3c3dd0ddf1cc654ce200e31019f388d2a4e80,7145dcb361a097cbeddcb0bce445133a7c0c5d6bf9812f1b229eff4b8560f414,True,2026-06-15 18:56:49,,12.14,13.79
16196,ОТП Банк,https://cdn.banki.ru/cdn/bank/16196_modern_logo_url.svg,2766,Без границ,https://www.banki.ru/products/deposits/deposit/24692/,11.7,11.7,1500000,14999999.0,91.0,91.0,RUB,11.7,False,True,True,True,,,,нет,по ставке до востребования,,,e9705e3e11760289ef325e7c4dfd8e42416d663d371c612f2c3abc52583b4344,279e621577e0e9462e868c07858e6fde7b8e31398064dbab77aada469842ba74,True,2026-06-15 18:56:49,,9.5,11.7
114461,Банк ФИНАМ,https://cdn.banki.ru/cdn/bank/114461_modern_logo_url.svg,2799,Лучший,https://www.banki.ru/products/deposits/deposit/19867/,10.0,10.0,300000,,180.0,180.0,RUB,10.0,False,False,False,False,,,,нет,по ставке до востребования,,,1b4d7ccbf07f1f5dea036982e421cc30ad93f9d98ddcf31f4d4f235cf50933fc,12556227da9fcb2dbd58b41177df5461853fe9c9fc124afa5c7017c060fbee62,True,2026-06-15 18:56:49,,7.0,10.0
193968,Алтайкапиталбанк,https:,2659,Фундаментальный+,https://www.banki.ru/products/deposits/deposit/6294/,6.0,6.0,1000000,,365.0,365.0,RUB,6.14,False,False,True,True,,,,есть,на льготных условиях,,,2628fc3fe00f9114e8647f8b5ead3599bd83b09f4616ce438f4bddc604ad8e8c,8cdb2dfbcb27fefbc4b4692c2dfe8589d65fed97a2c0a53d22ec1f9adc037856,True,2026-06-15 18:56:49,,6.14,6.14
192839,Сибсоцбанк,https:,2015,Пенсия комфорт,https://www.banki.ru/products/deposits/deposit/17722/,4.5,4.5,100,,1096.0,1096.0,RUB,4.81,False,False,True,True,,,,есть,на льготных условиях,,,1bff4e9146558690c966d6b227aad4117a3d3f52195986b13a93cfbe68093dcf,2ed1ffcdcf74221336c1dc83706756f1dd6c98d9e15a7ad200b37ce1a0cb4f10,True,2026-06-15 18:56:49,,4.81,4.81
16120,Банк Интеза,https:,2216,Мой комфорт,https://www.banki.ru/products/deposits/deposit/24101/,4.0,4.0,50000,,367.0,367.0,RUB,4.0,False,True,True,True,,,,нет,по ставке до востребования,,,43a013be33d30a3536ca2c68024094b8e462f7bcb5f0a55ba9e689be3981c9f5,369d67431e993ee627ac89b8dd4d0da2ea01e08e0e01d2b2091aa97e8c35e518,True,2026-06-15 18:56:49,,4.0,4.0
36119,Ак Барс Банк,https://cdn.banki.ru/cdn/bank/36119_modern_logo_url.svg,2590,Просто поймать момент,https://www.banki.ru/products/deposits/deposit/16483/,6.95,6.95,10000,5000000.0,720.0,720.0,RUB,6.95,False,True,False,False,,,,нет,на льготных условиях,,,2a81d499a4d5ca9306bea678040979e0896784700da552c0d22330b5321901c4,bcdc8bcc931903562f97b6eea768f7f13bf8bf9e0c413edd5571bcfeef7daa55,True,2026-06-15 18:56:49,,5.25,6.95
195239,Алтынбанк,https:,2070,Ай,https://www.banki.ru/products/deposits/deposit/23151/,4.0,4.0,6000000,,30,30.0,RUB,4.0,False,False,False,False,,,,нет,по ставке до востребования,,,304d2468e44bc875ba6556409da274c1a842671d71c9ed1240ccfdfa539c9fa0,a570963f6e0da915bdd405c58782cc779d0735ed5af54b328db9c230166ee804,True,2026-06-15 18:56:49,,4.0,4.0
196653,Банк «Элита»,https:,1399,Пенсионный,https://www.banki.ru/products/deposits/deposit/6654/,6.9,6.9,1000,,1100,1100.0,RUB,7.65,False,False,True,True,,,,по выбору клиента,на льготных условиях,,,e89c31ec129227bb68e72f6a2d237b6d5ad1dda98c473d25f46d0f0954069d32,d675cc2327ea44a4294fda80d60419fd4db23f46022ef8418061a0028a5a931c,True,2026-06-15 18:56:49,,7.65,7.65
194599,Банк «Калуга»,https:,1151,Пенсионный Элит+,https://www.banki.ru/products/deposits/deposit/19459/,3.0,3.0,50000,,1100,1100.0,RUB,3.14,False,False,True,True,,,,по выбору клиента,по ставке до востребования,,,f3e47ab66178aa845bf4e202cd1d02ab31f686e501da315ec0a6465c5bea6cda,cb0fd2a5c01e10ec20747342097389e43d7840e9a37e30aa297f3376bea7e862,True,2026-06-15 18:56:49,,3.14,3.14
293131,Черноморский банк развития и реконструкции,https:,3527,Клевер2,https://www.banki.ru/products/deposits/deposit/11145/,13.4,13.4,3000,,91,91.0,RUB,13.4,False,False,False,True,,,,нет,по ставке до востребования,,,71e7dc374934e97a5a04e775ec53584b23e14f3a4b1814ddfa4b5e804aadd1eb,c36e939619a42b1f11e3d9d0226c08e20577e512fbf60feb42a5e024428a3707,True,2026-06-15 18:56:49,,9.2,13.4
191213,Кузнецкбизнесбанк,https:,1158,Стабильный,https://www.banki.ru/products/deposits/deposit/25015/,11.71,11.71,50000,,360,360.0,RUB,11.71,False,True,False,False,,,,нет,по ставке до востребования,,,bcc2be7cba107d1839b7515bb903bb0d7252f81cb6edfe11c478512623e5a1b2,6ca2e35ba450e54fa1f823b3049df4d2aec9cb8e10d7641e6812883b0f6a4d1d,True,2026-06-15 18:56:49,,11.71,11.71
196651,Кузбассхимбанк,https:,2868,Золотые годы,https://www.banki.ru/products/deposits/deposit/25794/,12.42,12.42,100000,,540,540.0,RUB,12.42,False,False,False,False,,,,нет,на льготных условиях,,,1ebdb98803671f256f258f960ce7d970035e286da62989e009314d16cc99da65,f2fc69682704a6bb2a9f5891c104504a9d2e9a1e286f03728e7e60ca115f9155,True,2026-06-15 18:56:49,,12.42,12.42
192912,СТРОЙЛЕСБАНК,https:,2995,СЛБ – Персона Плюс,https://www.banki.ru/products/deposits/deposit/4718/,11.5,11.5,5000000,,367,367.0,RUB,12.13,False,False,True,True,,,,по выбору клиента,по ставке до востребования,,,4a5f82e4aa0d9de3f6e6f7ad2230969aec29cdb6db02cbf45ac1244e6a2c53a6,1d6267262c12ca18647bafb39e9e4417251bdd698d56b7460c0518332a735695,True,2026-06-15 18:56:49,,12.13,12.13
194883,Банк «Нальчик»,https:,695,Особый,https://www.banki.ru/products/deposits/deposit/15100/,4.5,4.5,1,,90,90.0,RUB,4.5,False,False,False,True,,,,нет,по ставке до востребования,,,9f5ce32149c630343bfcf8f1a625d4c1ffb1d521ba1942c0d5025efc516ffa80,b73c5b77105c72381b7c1004e77c3472318f832f93d69d4da19ac34f038116a5,True,2026-06-15 18:56:49,,4.25,4.5
2237,Банк ДОМ.РФ,https://static2.banki.ru/ugc/09/61/83/70/2237.svg,2312,Мой Дом,https://www.banki.ru/products/deposits/deposit/25853/,16.5,16.5,1500000,15000000.0,91,91.0,RUB,16.5,False,True,False,False,,,,нет,по ставке до востребования,,,e4eeeb979817143770d745362bff28391c531b2a3e1bc6bf6a4ab568d85a23a7,81c22a6371f0b41fa87f72a799de170fd1993871a5861eabf5533d52c9bec741,True,2026-06-15 18:56:49,,16.5,16.5
195691,БАНК «КУРГАН»,https:,2568,Пенсионный,https://www.banki.ru/products/deposits/deposit/6878/,3.0,3.0,100,,1110,1110.0,RUB,3.09,False,False,True,True,,,,по выбору клиента,на льготных условиях,,,ee6184b3bd6a0aeecea8aa4d6e18aa78604e0e9316c41f800796ee1862cdeacf,fa40ee423128cb1bf5f60137b95fe5857c2dfa69a80d55ec34e043fc41bd378c,True,2026-06-15 18:56:49,,3.09,3.09
10316,Банк «АГРОПРОМКРЕДИТ»,https:,2880,Мой Выбор Лояльный,https://www.banki.ru/products/deposits/deposit/25900/,16.0,16.0,100000,,120,120.0,RUB,16.0,False,True,False,False,,,,нет,по ставке до востребования,,,0e653764e3b2d12f61415a2c9cca159390907951e67962a4f2549ed4bad0df7f,fa44b4cc6d60df4eab0614031520f46452ff1e899e06862fa16e3e8d382d4bf6,True,2026-06-15 18:56:49,,13.5,16.0
68665,Банк «Санкт-Петербург»,https://static4.banki.ru/ugc/81/d7/06/d8/68665.svg,436,Стратег,https://www.banki.ru/products/deposits/deposit/24743/,12.7,12.7,50000,,91,180.0,RUB,12.7,False,True,False,True,,,,нет,по ставке до востребования,,,e11b05b9a1428527729e91d43a3e0b5edee1d3214d562db861a13d882e18f60b,3f52dd087ba95cc3340d00b485c547732d1250c509cd37dec70488a75a1bb182,True,2026-06-15 18:56:49,,4.5,12.7
12386098,Рокетбанк,https:,963,Накопительный счет,https://www.banki.ru/products/deposits/deposit/25845/,15.0,15.0,1,,30,,RUB,15.0,False,True,True,True,,,,по выбору клиента,на льготных условиях,,,646d9267df9e194f3f75aebb0b9d06e3df5a261c7499bc7539ec2f5c4e2cf5b4,cde27168be1d356f12403ffde0731dca738c962b8dc3fc9e250a31716ef6645d,True,2026-06-15 18:56:49,,15.0,15.0
192884,Банк Казани,https://static2.banki.ru/ugc/d1/35/37/71/192884.svg,708,Миллениум,https://www.banki.ru/products/deposits/deposit/10840/,10.0,10.0,50000,,367,367.0,RUB,10.0,False,True,True,True,,,,нет,по ставке до востребования,,,3f794bd9058cdaf746fa37abf96126252de845b8f775fc4452b2490f70472d56,65c45d064e2436ec4581b542afb42d3f03b22734ea759daaed019f3d2c8fc495,True,2026-06-15 18:56:49,,10.0,10.0
68806,Банк «Объединенный капитал»,https:,2611,Пополняемый,https://www.banki.ru/products/deposits/deposit/24853/,12.5,12.5,30000,50000000.0,91,180.0,RUB,12.5,False,True,False,True,,,,нет,по ставке до востребования,,,9fca6ce7136f338c8c12dfc21fcfa5530d5764c1bf06601dec72d49c0ecd343a,f3378747b84d89c1745cf7d6e7802700241ad56a65900e1401c9cfef196577e7,True,2026-06-15 18:56:49,,11.5,12.5
12092,ББР Банк,https://static4.banki.ru/ugc/e8/dc/5e/b3/12092.svg,2929,Биплан Плюс,https://www.banki.ru/products/deposits/deposit/23867/,11.0,11.0,15000,5000000.0,30,,RUB,11.0,False,True,True,True,,,,по выбору клиента,на льготных условиях,,,fbb13155f96b0e72f6b85a32615ed040166d060283ac0509b7326244ecf73bb8,5a290ce95636f22dfff5ca412106bff0a43e0eb49cd0935a170a88511c31f832,True,2026-06-15 18:56:49,,11.0,11.0
68751,Банк «Викинг»,https:,2,Стабильный доход,https://www.banki.ru/products/deposits/deposit/24202/,12.0,12.0,50000,,91,91.0,RUB,12.12,False,False,True,True,,,,есть,на льготных условиях,,,9d94e4b14be90c044129e3cac66a7887263f896c9e714a4c85f826b8676a75c6,3b3676050da3a0ba5dfdf31ff4b6ee99f1d0768171b1caf3914048a4cbd1a9ff,True,2026-06-15 18:56:49,,12.12,12.12
68711,ГОРБАНК,https:,2982,Классический,https://www.banki.ru/products/deposits/deposit/23585/,8.0,8.0,50000,,367,367.0,RUB,8.0,False,False,False,True,,,,нет,по ставке до востребования,,,230a9fdaf47ff4b7cabc0e8215b76dba159be28ebd5dcacec27fcd4b08c5ff3b,0ada1fc32cfd88e1a79af0f6639c27319d26ea2ed03d178971f4dd51069136b4,True,2026-06-15 18:56:49,,8.0,8.0
68717,Балтинвестбанк,https:,3176,Чемпион+,https://www.banki.ru/products/deposits/deposit/15143/,1.0,1.0,10000,,367,367.0,RUB,1.0,False,True,False,True,,,,по выбору клиента,по ставке до востребования,,,38077ef345cb8701bcd7224040c54e59c19cbd8839265d5ff8f832e703e3eb06,39b22d881a4defd03ad3dbe0e5b5103eb8d374931b9fcb568e5e9f7e7b226dca,True,2026-06-15 18:56:49,,1.0,1.0
17212,РосДорБанк,https://static3.banki.ru/ugc/11/f1/33/0a/17212.svg,1573,Классический-Управляемый (ежемесячно),https://www.banki.ru/products/deposits/deposit/20415/,12.3,12.3,5000000,150000000.0,62,91.0,RUB,12.43,False,False,True,True,,,,по выбору клиента,по ставке до востребования,,,15599f29061e6d187ab80a40d994600d935f150d6015137948e7c4d36ae157e6,7d1970ddbe4ddef518590baf4096018e5ad5a9e7b8bed9a1216805babedd80fd,True,2026-06-15 18:56:49,,6.92,12.43
188478,Мурманский Социальный Коммерческий Банк,https:,2722,Мурманский,https://www.banki.ru/products/deposits/deposit/23921/,8.65,8.65,100000,5000000.0,1100,1100.0,RUB,8.65,False,False,False,True,,,,нет,на льготных условиях,,,a607b0f551e99094c8f30de1602b48756f41da136e2074b89ebc5e02dbe5213a,7c10a6737f0000d43947953d7f4769fd771e6d9ea605c03095cc1e611b30dfc9,True,2026-06-15 18:56:49,,8.65,8.65
195613,Банк «Торжок»,https:,933,Пенсионный,https://www.banki.ru/products/deposits/deposit/6574/,8.0,8.0,5000,,367,367.0,RUB,8.3,False,False,True,True,,,,есть,по ставке до востребования,,,4562f5e7eb02fff8aa9a4694503df532203776b2135c7477218b3e9b2f51148f,e619980a940a38898212fcc5f01e012cb14e018e0d09a50252278979186b81fd,True,2026-06-15 18:56:49,,8.3,8.3
189235,БСТ-Банк,https:,2883,Семейный бюджет для пенсионеров 2015,https://www.banki.ru/products/deposits/deposit/6673/,5.67,5.67,10000,,1097,1097.0,RUB,6.17,False,False,True,True,,,,по выбору клиента,на льготных условиях,,,ca7c9971e987be9176e96753c60368b5626ab83aa6d8f543ef04094092b95930,b5e76fddb5737bf067fee02791c44147611c1f7faee3234c72b60032e2691b68,True,2026-06-15 18:56:49,,6.17,6.17
196690,Новокиб,https:,1747,Пенсионный,https://www.banki.ru/products/deposits/deposit/6823/,11.75,11.75,10000,,368,368.0,RUB,12.1,False,False,True,True,,,,есть,на льготных условиях,,,12efd37aa2f5f69ebb0b30b22b87c0158035e8222f3ba66ac36879f0b72f2476,17ba9e850c4d70e22e430257e55e851bd6f073b4997db103876e90cadbd0d75d,True,2026-06-15 18:56:49,,12.1,12.1
101146,Алмазэргиэнбанк,https://static2.banki.ru/ugc/90/7b/c2/ae/101146.svg,2602,Престиж,https://www.banki.ru/products/deposits/deposit/25138/,16.3,16.3,125000000,,91,91.0,RUB,16.3,False,True,False,False,,,,нет,по ставке до востребования,,,73857cb62c8426449520d18dde20a751eda5ad093e79556c8e74a894b584b260,3a75e6a6427828b432a6994f5613878c3597b76bd5dfc2d62a91ef1a1eea70b1,True,2026-06-15 18:56:49,,15.0,16.3
192855,Банк «Ермак»,https:,1809,Свобода,https://www.banki.ru/products/deposits/deposit/8361/,14.0,14.0,5000,,31,31.0,RUB,14.0,False,False,False,True,,,,нет,на льготных условиях,,,e47b4b0ed37a7630d7a68ecf49baf9e98c967fada5bab747299285ae0d2835f6,5eba7b270b99ee19ecc681edc383357cc5ff4d31cbda6a338cc09074d7b359fd,True,2026-06-15 18:56:49,,13.0,14.0
194197,Банк «Приобье»,https:,537,Корпоративный плюс,https://www.banki.ru/products/deposits/deposit/23539/,10.94,10.94,5000000,,740,740.0,RUB,10.94,False,False,True,False,,,,нет,на льготных условиях,,,bcbf079838f58d3aaf322b0ed3c852b66488470f0a04ed785e6f6086331bee45,b13753b3e5ab9e74c079a13515379e5e021a8e5821c057c1fa97f1688f3dc1d7,True,2026-06-15 18:56:49,,10.94,10.94
193976,Уралпромбанк,https:,2964,Пенсионный  универсальный,https://www.banki.ru/products/deposits/deposit/4091/,2.0,2.0,10,,1100,1100.0,RUB,2.06,False,False,True,True,,,,есть,на льготных условиях,,,5816d8b7062c8e48d70a54b9357c2c451061b738f29b7434270c77b06ff7d850,f02a007728b7bc65157b08c01c8ef08e527874cdd3d4cff56a05c1f0e29d70d2,True,2026-06-15 18:56:49,,2.06,2.06
191354,Народный инвестиционный банк (НИБ),https:,2876,Оптимальный Плюс,https://www.banki.ru/products/deposits/deposit/16401/,1.0,1.0,100000,,91,91.0,RUB,1.0,False,False,False,True,,,,нет,по ставке до востребования,,,7ff3c40d7134e13ec7cf2325e98a02b9037695c4d3002cb2131d60653e39f5b9,ce0f88131902df4c84297b337e263a063a266148ca3578870b96303c55c231a1,True,2026-06-15 18:56:49,,1.0,1.0
196704,Банк НООСФЕРА,https://static3.banki.ru/ugc/89/61/da/f7/196704.svg,2650,Сибирский процент,https://www.banki.ru/products/deposits/deposit/25796/,15.75,15.75,50000,,91,91.0,RUB,15.75,False,False,False,False,,,,нет,по ставке до востребования,,,2190d86aca907a7aec5c186032e007bb36126bbea47cf23d8da14a39ec9c6195,95fe7d88932dc17ed509cd0504451dd42aef6be6b501328583a817375921b047,True,2026-06-15 18:56:49,,15.15,15.75
11518,Банк ТКБ,https://static2.banki.ru/ugc/5b/a2/58/f0/11518.svg,2210,Ключевой доход,https://www.banki.ru/products/deposits/deposit/25488/,16.35,16.35,100000,,375,375.0,RUB,16.35,False,False,False,False,,,,нет,по ставке до востребования,,,c4be37bd78faa3a1b9cffbc26bc6a10057e10ce7a060b009c4f15a8056268b71,3e7c421c56aaea95f74a1d5be2b29e07de6b0e1f3ad80e3fafcfcba67c0570cf,True,2026-06-15 18:56:49,,16.15,16.35
9011,Металлинвестбанк,https://cdn.banki.ru/cdn/bank/9011_modern_logo_url.svg,2440,Управляемый,https://www.banki.ru/products/deposits/deposit/14921/,9.7,9.7,1400000,,367.0,367.0,RUB,9.7,False,True,True,True,,,,нет,по ставке до востребования,,,06f223cc81147a26614b39696c0fba535a99d0136f39ecaa6987ffc250dedf12,06e8beae729f3345d767469336f0a952ddb05c930f21546d0f459442939b4656,True,2026-06-15 18:56:49,,9.5,9.7
8843166,ЦМРБанк,https://cdn.banki.ru/cdn/bank/8843166_modern_logo_url.svg,3531,Доход на максимум (ежемесячно),https://www.banki.ru/products/deposits/deposit/24111/,13.5,13.5,30000,,91.0,91.0,RUB,13.65,False,True,False,False,,,,по выбору клиента,на льготных условиях,,,bd6aa13ef9db66b1c848bfd0e461b3aebdcf4929d97f42aa2fd5ae29ec029d8b,c36057400678faae80d5656c2a467c87fd9f0b1f4283edcc1c42759ffd53c29c,True,2026-06-15 18:56:49,,4.92,13.65
68683,Банк «РОССИЯ»,https://cdn.banki.ru/cdn/bank/68683_modern_logo_url.svg,328,Пополняемый (ежемесячно),https://www.banki.ru/products/deposits/deposit/7417/,8.4,8.4,10000000,,181.0,181.0,RUB,8.4,False,False,True,True,,,,нет,по ставке до востребования,,,6ad412abee07c0225efbb5d3c8b3be8d5bc33050e3b5fe3c49fd92b4e628bed5,b7764aaa58270aa2aa1e588144cef0801e5896a9a341ec30249298c1e7e08031,True,2026-06-15 18:56:49,,5.2,8.4
194209,РУСНАРБАНК,https://cdn.banki.ru/cdn/bank/194209_modern_logo_url.svg,3403,Вклад в будущее,https://www.banki.ru/products/deposits/deposit/23639/,9.0,9.0,10000,,1098.0,1098.0,RUB,9.0,False,True,False,True,,,,нет,по ставке до востребования,,,6f0119b37da5c8b5f4bd4e2c3a657d801b20a60cb70e3ea8c8202b9d11dc5f1a,6c7373b6c3d2eb419299a3b6d148ae480c85dae1a982180d17616d2c9d662005,True,2026-06-15 18:56:49,,9.0,9.0
2631,Экспобанк,https://cdn.banki.ru/cdn/bank/2631_modern_logo_url.svg,2998,Выбери меня (ежедневно),https://www.banki.ru/products/deposits/deposit/25097/,11.0,11.0,100000,10000000.0,181.0,181.0,RUB,11.3,False,True,False,False,,,,есть,по ставке до востребования,,,48c46e893dbf3da9f798a21865bf9ecd4b14758e2c8a8f900040e838c4d6676d,6f75f2f91ff8399652fa70e07bf9efa399ce70f6819ab6917b709ae401cb0958,True,2026-06-15 18:56:49,,10.68,11.3
192798,Белгородсоцбанк,https:,760,Накопительный счет,https://www.banki.ru/products/deposits/deposit/25664/,2.0,2.0,1000000,,30.0,,RUB,2.0,False,False,True,True,,,,по выбору клиента,на льготных условиях,,,d3a89ceb78f917d54420fc33449435d45702a3e22cea5d2fdbc2a3907043bf26,f8ee2c63e864671fd3f073a618bfb931159663ed3f6220516597bbe4e893f686,True,2026-06-15 18:56:49,,2.0,2.0
189283,НИКО-Банк,https:,702,Пенсионный,https://www.banki.ru/products/deposits/deposit/3155/,5.5,5.5,10,,468,468.0,RUB,5.66,False,True,True,True,,,,есть,на льготных условиях,,,46ed9054949b105f0c6420f824c8c7c9dd250a24873c5e591b12d6803868836a,ab9641f4accf276aa06d4c021b9253f43bd11f19472dda1b0a8ab31e9a66afa7,True,2026-06-15 18:56:49,,5.66,5.72
191180,Банк «ОРЕНБУРГ»,https:,3269,Депозитный,https://www.banki.ru/products/deposits/deposit/3169/,5.5,5.5,1000,,31,31.0,RUB,5.5,False,False,False,False,,,,нет,по ставке до востребования,,,006c7e3a7231e25c9be944b29ad553c5321f99fc65610ec08c4faf5edd329acd,9065b05779fe533b007729706b35aea602c8c16acdf874f1964cdc1024236bd6,True,2026-06-15 18:56:49,,5.5,5.5
14480,Трансстройбанк,https://static2.banki.ru/ugc/65/99/f8/87/14480.svg,2807,Ежемесячный,https://www.banki.ru/products/deposits/deposit/13696/,13.8,13.8,2000000,,181,181.0,RUB,13.8,False,False,False,True,,,,нет,по ставке до востребования,,,052e213366c4a36aa78883182ae443851280bf84cae998710e519757bb4da2ae,74b79b9f6cb92228d1eabcd890273d2c3ee1c629232813b9507ce5c1ac3bb460,True,2026-06-15 18:56:49,,10.1,13.8
